,from,to,qval_input_vs_nextclade,qval_top255_vs_input,qval_top55_spike_vs_input,qval_top55_vs_nextclade,qval_mutations_tsv_VS_nextclade
0,V,F,2.3676596713959255e-18,1,1,1.0,1.0
1,A,S,1.1533231081977555e-16,1,1,1.0,1.0
2,A,V,7.190971066590713e-14,1,1,1.0,1.0
3,V,I,7.296990588064407e-14,1,1,1.0,1.0
4,N,S,2.2500180951295618e-13,1,1,1.0,1.0
5,A,T,3.132482576104038e-10,1,1,1.0,1.0
6,L,I,3.328191098005825e-09,1,1,1.0,1.0
7,E,G,1.4051664448773111e-08,1,1,1.0,1.0
8,S,I,4.584987483516362e-08,1,1,1.0,1.0
9,P,S,6.881610152170743e-08,1,1,1.0,1.0
10,V,L,2.933884358914766e-07,1,1,1.0,1.0
11,L,F,7.794551121662537e-07,1,1,1.0,1.0
12,F,L,2.2062171735677743e-06,1,1,1.0,1.0
13,S,G,2.592323433892357e-06,1,1,1.0,1.0
14,T,N,4.505850151217072e-06,1,1,1.0,1.0
15,Y,H,1.8971713408399587e-05,1,1,1.0,1.0
16,G,V,2.9221643376160575e-05,1,1,1.0,1.0
17,E,Q,5.242334928296267e-05,1,1,1.0,1.0
18,Q,K,8.276817313972832e-05,1,1,1.0,1.0
19,D,Y,0.00012287014043960235,1,1,1.0,1.0
20,Q,L,0.00020010251482730136,1,1,1.0,1.0
21,S,Y,0.0002969511386343834,1,1,1.0,1.0
22,E,D,0.00031734559408795783,1,1,1.0,1.0
23,D,N,0.0014273205871066332,1,1,1.0,1.0
24,Y,F,0.0017070783567538477,1,1,1.0,1.0
25,E,V,0.0025608153488174425,1,1,1.0,1.0
26,Q,R,0.0027686234616012217,1,1,1.0,1.0
27,H,Y,0.003810324900157009,1,1,1.0,1.0
28,G,S,0.00460574305689876,1,1,1.0,1.0
29,D,A,0.005560668632683345,1,1,1.0,1.0
30,N,H,0.010237640060058536,1,1,1.0,1.0
31,E,A,0.010405096433753138,1,1,1.0,1.0
32,N,I,0.01304368459776011,1,1,1.0,1.0
33,S,R,0.013145849734301022,1,1,1.0,1.0
34,F,Y,0.017984072095053982,1,1,1.0,1.0
35,T,S,0.03563946947872438,1,1,1.0,1.0
36,H,Q,0.03719122149202128,1,1,1.0,1.0
37,S,P,0.06827560894070482,1,1,1.0,1.0
38,R,H,0.14035936801382198,1,1,1.0,1.0
39,L,V,0.14315773312502875,1,1,1.0,1.0
40,R,L,0.1823951873421227,1,1,1.0,1.0
41,L,K,0.2842976006256632,1,1,1.0,1.0
42,W,L,0.3025683468153741,1,1,1.0,1.0
43,S,T,0.4182936218806694,1,1,1.0,1.0
44,V,G,0.46685218999281386,1,1,1.0,1.0
45,E,K,0.47121086968099785,1,1,1.0,1.0
46,N,T,0.5853126952206492,1,1,1.0,1.0
47,D,V,0.7684459835529104,1,1,1.0,1.0
48,P,T,0.8156415913915712,1,1,1.0,1.0
49,N,L,0.8355344217721848,1,1,1.0,1.0
50,P,-,0.9431072885178956,1,1,1.0,1.0
51,G,A,0.9516276536755244,1,1,1.0,1.0
52,N,-,1.0,1,1,1.0,1.0
53,H,R,1.0,1,1,1.0,1.0
54,R,S,1.0,1,1,1.0,1.0
55,S,N,1.0,1,1,1.0,1.0
56,G,D,1.0,1,1,1.0,1.0
57,Q,H,1.0,1,1,1.0,1.0
58,Y,S,1.0,1,1,1.0,1.0
59,S,L,1.0,1,1,1.0,1.0
60,A,G,1.0,1,1,1.0,1.0
61,G,L,1.0,1,1,1.0,1.0
62,L,Q,1.0,1,1,1.0,1.0
63,F,S,1.0,1,1,1.0,1.0
64,H,P,1.0,1,1,1.0,1.0
65,G,Y,1.0,1,1,1.0,1.0
66,R,T,1.0,1,1,1.0,1.0
67,N,K,1.0,1,1,0.7208177358924164,0.7208177358924164
68,Q,P,1.0,1,1,1.0,1.0
69,Y,N,1.0,1,1,1.0,1.0
70,N,D,1.0,1,1,1.0,1.0
71,F,V,1.0,1,1,1.0,1.0
72,G,N,1.0,1,1,1.0,1.0
73,V,A,1.0,1,1,1.0,1.0
74,L,S,1.0,1,1,1.0,1.0
75,R,-,1.0,1,1,1.0,1.0
76,R,D,1.0,1,1,1.0,1.0
77,F,G,1.0,1,1,1.0,1.0
78,L,-,1.0,1,1,1.0,1.0
79,D,F,1.0,1,1,1.0,1.0
80,W,S,1.0,1,1,1.0,1.0
81,H,D,1.0,1,1,1.0,1.0
82,D,T,1.0,1,1,1.0,1.0
83,D,Q,1.0,1,1,1.0,1.0
84,S,K,1.0,1,1,1.0,1.0
85,G,F,1.0,1,1,1.0,1.0
86,F,I,1.0,1,1,1.0,1.0
87,T,-,1.0,1,1,1.0,1.0
88,H,N,1.0,1,1,1.0,1.0
89,R,P,1.0,1,1,1.0,1.0
90,H,L,1.0,1,1,1.0,1.0
91,Y,V,1.0,1,1,1.0,1.0
92,T,P,1.0,1,1,1.0,1.0
93,E,-,1.0,1,1,1.0,1.0
94,T,A,1.0,1,1,1.0,1.0
95,Q,-,1.0,1,1,1.0,1.0
96,R,N,1.0,1,1,1.0,1.0
97,P,Q,1.0,1,1,1.0,1.0
98,W,R,1.0,1,1,1.0,1.0
99,P,F,1.0,1,1,1.0,1.0
100,L,P,1.0,1,1,1.0,1.0
101,R,G,1.0,1,1,1.0,1.0
102,A,-,1.0,1,1,1.0,1.0
103,D,-,1.0,1,1,1.0,1.0
104,T,K,1.0,1,1,1.0,1.0
105,T,I,1.0,1,1,1.0,1.0
106,T,R,1.0,1,1,1.0,1.0
107,P,R,1.0,1,1,1.0,1.0
108,S,F,1.0,1,1,1.0,1.0
109,L,R,1.0,1,1,1.0,1.0
110,S,A,1.0,1,1,1.0,1.0
111,R,I,1.0,1,1,1.0,1.0
112,V,-,1.0,1,1,1.0,1.0
113,D,H,1.0,1,1,1.0,1.0
114,G,R,1.0,1,1,1.0,1.0
115,A,D,1.0,1,1,1.0,1.0
116,Y,-,1.0,1,1,1.0,1.0
117,N,Y,1.0,1,1,1.0,1.0
118,P,H,1.0,1,1,1.0,1.0
119,R,K,1.0,1,1,1.0,1.0
120,G,-,1.0,1,1,1.0,1.0
121,F,-,1.0,1,1,1.0,1.0
122,P,L,1.0,1,1,1.0,1.0
123,S,-,1.0,1,1,1.0,1.0
124,D,G,1.0,1,1,1.0,1.0
125,H,-,1.0,1,1,1.0,1.0
126,Y,L,1.0,1,1,1.0,1.0
127,Y,Q,1.0,1,1,1.0,1.0
128,Y,K,1.0,1,1,1.0,1.0
129,L,T,1.0,1,1,1.0,1.0
130,Q,G,1.0,1,1,1.0,1.0
131,L,N,1.0,1,1,1.0,1.0
132,Y,A,1.0,1,1,1.0,1.0
133,Q,Q,1.0,1,1,1.0,1.0
134,Y,P,1.0,1,1,1.0,1.0
135,Y,I,1.0,1,1,1.0,1.0
136,Q,S,1.0,1,1,1.0,1.0
137,Y,T,1.0,1,1,1.0,1.0
138,Y,G,1.0,1,1,1.0,1.0
139,Q,A,1.0,1,1,1.0,1.0
140,Y,Y,1.0,1,1,1.0,1.0
141,Y,R,1.0,1,1,1.0,1.0
142,Q,Y,1.0,1,1,1.0,1.0
143,Y,D,1.0,1,1,1.0,1.0
144,N,N,1.0,1,1,1.0,1.0
145,P,N,1.0,1,1,1.0,1.0
146,P,V,1.0,1,1,1.0,1.0
147,P,D,1.0,1,1,1.0,1.0
148,P,I,1.0,1,1,1.0,1.0
149,P,G,1.0,1,1,1.0,1.0
150,P,K,1.0,1,1,1.0,1.0
151,P,Y,1.0,1,1,1.0,1.0
152,P,P,1.0,1,1,1.0,1.0
153,A,N,1.0,1,1,1.0,1.0
154,A,F,1.0,1,1,1.0,1.0
155,A,I,1.0,1,1,1.0,1.0
156,A,H,1.0,1,1,1.0,1.0
157,A,K,1.0,1,1,1.0,1.0
158,A,Q,1.0,1,1,1.0,1.0
159,A,Y,1.0,1,1,1.0,1.0
160,A,L,1.0,1,1,1.0,1.0
161,A,R,1.0,1,1,1.0,1.0
162,P,A,1.0,1,1,1.0,1.0
163,L,H,1.0,1,1,1.0,1.0
164,L,G,1.0,1,1,1.0,1.0
165,L,Y,1.0,1,1,1.0,1.0
166,L,L,1.0,1,1,1.0,1.0
167,L,A,1.0,1,1,1.0,1.0
168,S,V,1.0,1,1,1.0,1.0
169,S,D,1.0,1,1,1.0,1.0
170,S,H,1.0,1,1,1.0,1.0
171,S,Q,1.0,1,1,1.0,1.0
172,S,S,1.0,1,1,1.0,1.0
173,R,F,1.0,1,1,1.0,1.0
174,R,V,1.0,1,1,1.0,1.0
175,R,Q,1.0,1,1,1.0,1.0
176,R,Y,1.0,1,1,1.0,1.0
177,R,R,1.0,1,1,1.0,1.0
178,R,A,1.0,1,1,1.0,1.0
179,L,D,1.0,1,1,1.0,1.0
180,Q,I,1.0,1,1,1.0,1.0
181,H,A,1.0,1,1,1.0,1.0
182,Q,V,1.0,1,1,1.0,1.0
183,V,D,1.0,1,1,1.0,1.0
184,V,V,1.0,1,1,1.0,1.0
185,V,T,1.0,1,1,1.0,1.0
186,V,N,1.0,1,1,1.0,1.0
187,F,A,1.0,1,1,1.0,1.0
188,F,P,1.0,1,1,1.0,1.0
189,F,Q,1.0,1,1,1.0,1.0
190,F,K,1.0,1,1,1.0,1.0
191,F,H,1.0,1,1,1.0,1.0
192,F,D,1.0,1,1,1.0,1.0
193,F,F,1.0,1,1,1.0,1.0
194,F,R,1.0,1,1,1.0,1.0
195,V,H,1.0,1,1,1.0,1.0
196,V,Q,1.0,1,1,1.0,1.0
197,D,P,1.0,1,1,1.0,1.0
198,D,R,1.0,1,1,1.0,1.0
199,D,S,1.0,1,1,1.0,1.0
200,D,L,1.0,1,1,1.0,1.0
201,V,K,1.0,1,1,1.0,1.0
202,D,K,1.0,1,1,1.0,1.0
203,D,I,1.0,1,1,1.0,1.0
204,D,D,1.0,1,1,1.0,1.0
205,V,P,1.0,1,1,1.0,1.0
206,V,R,1.0,1,1,1.0,1.0
207,V,S,1.0,1,1,1.0,1.0
208,V,Y,1.0,1,1,1.0,1.0
209,F,T,1.0,1,1,1.0,1.0
210,F,N,1.0,1,1,1.0,1.0
211,T,D,1.0,1,1,1.0,1.0
212,T,V,1.0,1,1,1.0,1.0
213,T,F,1.0,1,1,1.0,1.0
214,T,T,1.0,1,1,1.0,1.0
215,N,A,1.0,1,1,1.0,1.0
216,N,P,1.0,1,1,1.0,1.0
217,N,Q,1.0,1,1,1.0,1.0
218,N,G,1.0,1,1,1.0,1.0
219,N,V,1.0,1,1,1.0,1.0
220,N,F,1.0,1,1,1.0,1.0
221,N,R,1.0,1,1,1.0,1.0
222,T,H,1.0,1,1,1.0,1.0
223,T,G,1.0,1,1,1.0,1.0
224,T,L,1.0,1,1,1.0,1.0
225,T,Y,1.0,1,1,1.0,1.0
226,T,Q,1.0,1,1,1.0,1.0
227,G,K,1.0,1,1,1.0,1.0
228,G,G,1.0,1,1,1.0,1.0
229,G,H,1.0,1,1,1.0,1.0
230,G,I,1.0,1,1,1.0,1.0
231,G,T,1.0,1,1,1.0,1.0
232,A,P,1.0,1,1,1.0,1.0
233,G,Q,1.0,1,1,1.0,1.0
234,H,S,1.0,1,1,1.0,1.0
235,H,G,1.0,1,1,1.0,1.0
236,H,H,1.0,1,1,1.0,1.0
237,H,I,1.0,1,1,1.0,1.0
238,H,V,1.0,1,1,1.0,1.0
239,H,F,1.0,1,1,1.0,1.0
240,H,K,1.0,1,1,1.0,1.0
241,G,P,1.0,1,1,1.0,1.0
242,Q,F,1.0,1,1,1.0,1.0
243,Q,T,1.0,1,1,1.0,1.0
244,Q,N,1.0,1,1,1.0,1.0
245,Q,D,1.0,1,1,1.0,1.0
246,H,T,1.0,1,1,1.0,1.0
247,W,I,1.0,1,1,1.0,1.0
248,W,D,1.0,1,1,1.0,1.0
249,W,V,1.0,1,1,1.0,1.0
250,W,F,1.0,1,1,1.0,1.0
251,W,T,1.0,1,1,1.0,1.0
252,W,H,1.0,1,1,1.0,1.0
253,W,N,1.0,1,1,1.0,1.0
254,W,G,1.0,1,1,1.0,1.0
255,W,K,1.0,1,1,1.0,1.0
256,W,Q,1.0,1,1,1.0,1.0
257,E,R,1.0,1,1,1.0,1.0
258,E,S,1.0,1,1,1.0,1.0
259,E,L,1.0,1,1,1.0,1.0
260,E,Y,1.0,1,1,1.0,1.0
261,E,H,1.0,1,1,1.0,1.0
262,E,I,1.0,1,1,1.0,1.0
263,E,F,1.0,1,1,1.0,1.0
264,E,T,1.0,1,1,1.0,1.0
265,E,N,1.0,1,1,1.0,1.0
266,W,A,1.0,1,1,1.0,1.0
267,W,P,1.0,1,1,1.0,1.0
268,W,-,1.0,1,1,1.0,1.0
269,W,Y,1.0,1,1,1.0,1.0
270,E,P,1.0,1,1,1.0,1.0
271,A,A,1.0,1,1,1.0,1.0
