,from,to,pval_input_vs_nextclade,pval_top255_vs_input,pval_top55_spike_vs_input,pval_top55_vs_nextclade,pval_mutations_tsv_VS_nextclade
0,V,F,5.933984138836906e-21,0.8746937281077779,0.4897502215017452,0.041698580877241175,0.041698580877241175
1,A,S,2.8905341057587857e-19,0.9896136510986878,0.8887741823914751,0.4436108510457525,0.4436108510457525
2,A,V,1.80224838761672e-16,0.6173472973958634,0.7490678588710942,0.22325120050722452,0.22325120050722452
3,V,I,1.8288196962567435e-16,0.991577686893708,1.0,1.0,1.0
4,N,S,5.639143095562812e-16,0.9371034625029863,1.0,1.0,1.0
5,A,T,7.850833524070272e-13,0.9677646808207231,1.0,1.0,1.0
6,L,I,8.341331072696303e-12,1.0,1.0,1.0,1.0
7,E,G,3.521720413226344e-11,1.0,1.0,1.0,1.0
8,S,I,1.1491196700542262e-10,0.9437273318865111,0.5283210786461463,0.13313860729370816,0.13313860729370816
9,P,S,1.7247143238523166e-10,0.1548999916039307,0.8983165841792989,0.6097172468123255,0.6097172468123255
10,V,L,7.353093631365329e-10,0.9939851919125605,1.0,1.0,1.0
11,L,F,1.953521584376576e-09,0.7097357371783841,0.7587536333957352,0.36839421091248264,0.36839421091248264
12,F,L,5.529366349793921e-09,0.34629585478058633,0.5418529179665585,0.16915621324107913,0.16915621324107913
13,S,G,6.4970512127628e-09,0.7867691767983558,1.0,1.0,1.0
14,T,N,1.1292857521847299e-08,1.0,1.0,1.0,1.0
15,Y,H,4.7548153905763375e-08,0.7618089373990168,0.31232918210207616,0.0458710780838797,0.0458710780838797
16,G,V,7.323720144401147e-08,0.25720477452790075,1.0,1.0,1.0
17,E,Q,1.3138684030817712e-07,0.7339397992829103,0.29216967988928155,0.04178502089434475,0.04178502089434475
18,Q,K,2.0743903042538427e-07,0.7028242554414545,1.0,1.0,1.0
19,D,Y,3.079452141343417e-07,0.31346860759547074,0.7664459478161548,0.45205503493173904,0.45205503493173904
20,Q,L,5.01510062223813e-07,0.7339397992829103,1.0,1.0,1.0
21,S,Y,7.442384426926901e-07,0.5860119226945264,1.0,1.0,1.0
22,E,D,7.953523661352327e-07,0.9711679939200193,1.0,1.0,1.0
23,D,N,3.5772445792146194e-06,0.3958310936790683,0.567783095901591,0.25258900085334657,0.25258900085334657
24,Y,F,4.278391871563528e-06,1.0,1.0,1.0,1.0
25,E,V,6.418083580996096e-06,1.0,1.0,1.0,1.0
26,Q,R,6.938905918800054e-06,0.6730535429081914,0.45455115572386207,0.16338738652660864,0.16338738652660864
27,H,Y,9.54968646655892e-06,0.46879187344543927,0.23406110460928453,0.04963631973761547,0.04963631973761547
28,G,S,1.1543215681450526e-05,0.6850705824323535,1.0,1.0,1.0
29,D,A,1.3936512863868034e-05,1.0,1.0,1.0,1.0
30,N,H,2.5658245764557733e-05,1.0,1.0,1.0,1.0
31,E,A,2.607793592419333e-05,1.0,1.0,1.0,1.0
32,N,I,3.269093884150404e-05,1.0,1.0,1.0,1.0
33,S,R,3.2946991815290784e-05,0.22027125553332957,1.0,1.0,1.0
34,F,Y,4.5072862393619005e-05,1.0,1.0,1.0,1.0
35,T,S,8.93219786434195e-05,1.0,1.0,1.0,1.0
36,H,Q,9.32110814336373e-05,0.48374280720808305,1.0,1.0,1.0
37,S,P,0.0001711168143877314,0.8291417806574186,0.3694851907164227,0.13512267141993842,0.13512267141993842
38,R,H,0.0003517778646962957,1.0,1.0,1.0,1.0
39,L,V,0.00035879131109029763,1.0,1.0,1.0,1.0
40,R,L,0.0004571307953436659,1.0,1.0,1.0,1.0
41,L,K,0.0007125253148512863,1.0,1.0,1.0,1.0
42,W,L,0.0007583166586851481,0.5860119226945264,0.20556639020340284,0.04916681528755204,0.04916681528755204
43,S,T,0.0010483549420568154,0.5376855875430457,1.0,1.0,1.0
44,V,G,0.0011700556140170773,1.0,1.0,1.0,1.0
45,E,K,0.0011809796232606462,0.051176580553052194,0.1512810339593637,0.03999488561298887,0.03999488561298887
46,N,T,0.0014669491108286947,0.42353373026742913,0.1338661195269638,0.021325712790167206,0.021325712790167206
47,D,V,0.0019259297833406277,1.0,1.0,1.0,1.0
48,P,T,0.0020442145147658427,1.0,1.0,1.0,1.0
49,N,L,0.0020940712325117415,1.0,1.0,1.0,1.0
50,P,-,0.0023636774148318184,1.0,1.0,1.0,1.0
51,G,A,0.002385031713472492,1.0,1.0,1.0,1.0
52,N,-,0.002581089071457919,1.0,1.0,1.0,1.0
53,H,R,0.002615159361856846,1.0,1.0,1.0,1.0
54,R,S,0.0037094099396295017,0.6680858132384696,1.0,1.0,1.0
55,S,N,0.006316013313377688,0.3807440103117167,0.29216967988928155,0.1274988927905383,0.1274988927905383
56,G,D,0.006713469417658291,0.1735535924130047,0.31232918210207616,0.14355370177566582,0.14355370177566582
57,Q,H,0.008257434630890978,0.5527398220377413,0.3714765493634982,0.19663456727075912,0.19663456727075912
58,Y,S,0.009134573502129801,0.19763485743156028,1.0,1.0,1.0
59,S,L,0.011019644517033082,0.012001330826677873,1.0,1.0,1.0
60,A,G,0.017208537664819938,1.0,1.0,1.0,1.0
61,G,L,0.020746475634113654,0.19763485743156028,1.0,1.0,1.0
62,L,Q,0.020852682201692847,0.19763485743156028,0.05582264883433685,0.005843187567197118,0.005843187567197118
63,F,S,0.02137480967473525,0.42353373026742913,0.1338661195269638,0.04072413027584939,0.04072413027584939
64,H,P,0.022129307576859852,1.0,1.0,1.0,1.0
65,G,Y,0.022718960900198693,1.0,1.0,1.0,1.0
66,R,T,0.02611947644326791,1.0,1.0,1.0,1.0
67,N,K,0.029342935213586337,0.1804609695407398,0.01743614041183349,0.0028267362191859466,0.0028267362191859466
68,Q,P,0.0452731230113135,1.0,1.0,1.0,1.0
69,Y,N,0.04909632263505112,0.19763485743156028,0.05582264883433685,0.00934320174436765,0.00934320174436765
70,N,D,0.050452707175536966,1.0,1.0,1.0,1.0
71,F,V,0.05438959903603225,1.0,1.0,1.0,1.0
72,G,N,0.054836528919945865,1.0,1.0,1.0,1.0
73,V,A,0.054920182938588996,0.558830556306,1.0,1.0,1.0
74,L,S,0.05552625877155751,0.0725034307715561,1.0,1.0,1.0
75,R,-,0.06489178324628689,1.0,1.0,1.0,1.0
76,R,D,0.06577590270600162,1.0,1.0,1.0,1.0
77,F,G,0.06594494206523319,1.0,1.0,1.0,1.0
78,L,-,0.06644248617640783,0.3413556815312829,0.0400471965341654,0.013210391530234714,0.013210391530234714
79,D,F,0.07586433881290922,1.0,1.0,1.0,1.0
80,W,S,0.08683588921278944,1.0,1.0,1.0,1.0
81,H,D,0.08815521800975627,1.0,1.0,1.0,1.0
82,D,T,0.09511548938453054,1.0,1.0,1.0,1.0
83,D,Q,0.09990603475003455,1.0,1.0,1.0,1.0
84,S,K,0.10142497646109426,1.0,1.0,1.0,1.0
85,G,F,0.11498067128333711,1.0,1.0,1.0,1.0
86,F,I,0.117752334057297,1.0,1.0,1.0,1.0
87,T,-,0.13904822116622692,1.0,1.0,1.0,1.0
88,H,N,0.14772532310056177,1.0,1.0,1.0,1.0
89,R,P,0.15453557259405698,0.10423017225264486,1.0,1.0,1.0
90,H,L,0.16658685825191336,1.0,1.0,1.0,1.0
91,Y,V,0.16849505299486062,1.0,1.0,1.0,1.0
92,T,P,0.21523241119963826,1.0,1.0,1.0,1.0
93,E,-,0.29097018354655385,0.6680858132384696,0.2500945052686606,0.19390789090311286,0.19390789090311286
94,T,A,0.323240485752,0.1589293745868631,0.42196992151857715,0.3618070600352815,0.3618070600352815
95,Q,-,0.3362837455479496,1.0,1.0,1.0,1.0
96,R,N,0.3398722972513879,1.0,1.0,1.0,1.0
97,P,Q,0.3581333618190955,1.0,1.0,1.0,1.0
98,W,R,0.3694466301810077,0.19763485743156028,0.05582264883433685,0.033830519232672496,0.033830519232672496
99,P,F,0.39847639000211854,0.10423017225264486,1.0,1.0,1.0
100,L,P,0.43856961540843203,0.3563336479046656,1.0,1.0,1.0
101,R,G,0.7083535880245264,0.48374280720808305,0.15844512955500623,0.17215900020591515,0.17215900020591515
102,A,-,0.7427432934933247,0.2813344093784317,0.08257495753843254,0.09824088708177402,0.09824088708177402
103,D,-,0.8036774016251952,0.14197289065416024,1.0,1.0,1.0
104,T,K,0.8438934923105088,0.029291662169754058,0.15844512955500623,0.20134878882813076,0.20134878882813076
105,T,I,0.8865445146265676,0.3200745824639175,0.9143113523501558,0.917230055418029,0.917230055418029
106,T,R,0.9712012215610749,0.2813344093784317,0.08257495753843254,0.17131228291834194,0.17131228291834194
107,P,R,0.997638741543635,0.2813344093784317,0.08257495753843254,0.23830043305448792,0.23830043305448792
108,S,F,0.9997667756953641,0.26097193989703216,0.3085512004382882,0.5150879231731651,0.5150879231731651
109,L,R,0.9999707727445164,0.10423017225264486,0.028304825689768633,0.2432030240098081,0.2432030240098081
110,S,A,0.9999999999698903,0.456238071424058,1.0,1.0,1.0
111,R,I,0.9999999999981837,0.14723634396962154,1.0,1.0,1.0
112,V,-,0.9999999999999759,1.0,1.0,1.0,1.0
113,D,H,0.9999999999999847,0.3012256592381649,0.2500945052686606,0.7725027653390703,0.7725027653390703
114,G,R,0.9999999999999991,0.456238071424058,1.0,1.0,1.0
115,Y,-,0.9999999999999999,1.0,1.0,1.0,1.0
116,S,-,0.9999999999999999,0.22027125553332957,1.0,1.0,1.0
117,H,-,0.9999999999999999,1.0,1.0,1.0,1.0
118,R,K,0.9999999999999999,0.456238071424058,0.3319246740475023,0.8492483779021459,0.8492483779021459
119,P,L,0.9999999999999999,0.2449092208319419,1.0,1.0,1.0
120,D,G,0.9999999999999999,0.2779857781769149,0.23406110460928453,0.8587596151133008,0.8587596151133008
121,G,-,0.9999999999999999,0.6680858132384696,1.0,1.0,1.0
122,P,H,0.9999999999999999,0.22027125553332957,0.20556639020340284,0.7805845305192243,0.7805845305192243
123,F,-,0.9999999999999999,0.007868745468082285,0.1823389677620707,0.8640424064014849,0.8640424064014849
124,N,Y,0.9999999999999999,0.48374280720808305,0.15844512955500623,0.7914566660326808,0.7914566660326808
125,A,D,0.9999999999999999,0.029291662169754058,1.0,1.0,1.0
126,Y,R,1.0,1.0,1.0,1.0,1.0
127,E,Y,1.0,1.0,1.0,1.0,1.0
128,E,P,1.0,1.0,1.0,1.0,1.0
129,D,I,1.0,1.0,1.0,1.0,1.0
130,Y,Q,1.0,1.0,1.0,1.0,1.0
131,Y,P,1.0,1.0,1.0,1.0,1.0
132,Y,K,1.0,1.0,1.0,1.0,1.0
133,Y,L,1.0,1.0,1.0,1.0,1.0
134,Y,A,1.0,1.0,1.0,1.0,1.0
135,Y,D,1.0,1.0,1.0,1.0,1.0
136,Y,Y,1.0,1.0,1.0,1.0,1.0
137,Y,T,1.0,1.0,1.0,1.0,1.0
138,Y,G,1.0,1.0,1.0,1.0,1.0
139,Y,I,1.0,1.0,1.0,1.0,1.0
140,H,H,1.0,1.0,1.0,1.0,1.0
141,V,Y,1.0,1.0,1.0,1.0,1.0
142,Q,G,1.0,1.0,1.0,1.0,1.0
143,Q,T,1.0,1.0,1.0,1.0,1.0
144,Q,S,1.0,1.0,1.0,1.0,1.0
145,Q,N,1.0,1.0,1.0,1.0,1.0
146,Q,A,1.0,1.0,1.0,1.0,1.0
147,Q,Y,1.0,1.0,1.0,1.0,1.0
148,Q,F,1.0,1.0,1.0,1.0,1.0
149,P,P,1.0,1.0,1.0,1.0,1.0
150,P,D,1.0,1.0,1.0,1.0,1.0
151,P,V,1.0,1.0,1.0,1.0,1.0
152,Q,I,1.0,1.0,1.0,1.0,1.0
153,P,Y,1.0,1.0,1.0,1.0,1.0
154,Q,V,1.0,1.0,1.0,1.0,1.0
155,Q,Q,1.0,1.0,1.0,1.0,1.0
156,Q,D,1.0,1.0,1.0,1.0,1.0
157,P,G,1.0,1.0,1.0,1.0,1.0
158,P,N,1.0,1.0,1.0,1.0,1.0
159,V,R,1.0,1.0,1.0,1.0,1.0
160,V,T,1.0,1.0,1.0,1.0,1.0
161,V,S,1.0,1.0,1.0,1.0,1.0
162,V,N,1.0,1.0,1.0,1.0,1.0
163,V,K,1.0,1.0,1.0,1.0,1.0
164,V,V,1.0,1.0,1.0,1.0,1.0
165,D,P,1.0,1.0,1.0,1.0,1.0
166,D,D,1.0,1.0,1.0,1.0,1.0
167,D,L,1.0,1.0,1.0,1.0,1.0
168,D,R,1.0,1.0,1.0,1.0,1.0
169,D,S,1.0,1.0,1.0,1.0,1.0
170,V,H,1.0,1.0,1.0,1.0,1.0
171,V,D,1.0,1.0,1.0,1.0,1.0
172,V,P,1.0,1.0,1.0,1.0,1.0
173,P,A,1.0,1.0,1.0,1.0,1.0
174,P,K,1.0,1.0,1.0,1.0,1.0
175,P,I,1.0,1.0,1.0,1.0,1.0
176,L,D,1.0,1.0,1.0,1.0,1.0
177,L,Y,1.0,1.0,1.0,1.0,1.0
178,L,L,1.0,1.0,1.0,1.0,1.0
179,L,G,1.0,1.0,1.0,1.0,1.0
180,L,T,1.0,1.0,1.0,1.0,1.0
181,L,N,1.0,1.0,1.0,1.0,1.0
182,L,A,1.0,1.0,1.0,1.0,1.0
183,L,H,1.0,1.0,1.0,1.0,1.0
184,V,Q,1.0,1.0,1.0,1.0,1.0
185,D,K,1.0,1.0,1.0,1.0,1.0
186,E,L,1.0,1.0,1.0,1.0,1.0
187,E,T,1.0,1.0,1.0,1.0,1.0
188,F,H,1.0,1.0,1.0,1.0,1.0
189,A,K,1.0,1.0,1.0,1.0,1.0
190,A,I,1.0,1.0,1.0,1.0,1.0
191,A,H,1.0,1.0,1.0,1.0,1.0
192,F,Q,1.0,1.0,1.0,1.0,1.0
193,F,P,1.0,1.0,1.0,1.0,1.0
194,F,D,1.0,1.0,1.0,1.0,1.0
195,F,T,1.0,1.0,1.0,1.0,1.0
196,F,N,1.0,1.0,1.0,1.0,1.0
197,F,A,1.0,1.0,1.0,1.0,1.0
198,F,F,1.0,1.0,1.0,1.0,1.0
199,F,K,1.0,1.0,1.0,1.0,1.0
200,F,R,1.0,1.0,1.0,1.0,1.0
201,A,F,1.0,1.0,1.0,1.0,1.0
202,W,I,1.0,1.0,1.0,1.0,1.0
203,W,H,1.0,1.0,1.0,1.0,1.0
204,H,V,1.0,1.0,1.0,1.0,1.0
205,H,G,1.0,1.0,1.0,1.0,1.0
206,H,T,1.0,1.0,1.0,1.0,1.0
207,H,S,1.0,1.0,1.0,1.0,1.0
208,H,A,1.0,1.0,1.0,1.0,1.0
209,H,F,1.0,1.0,1.0,1.0,1.0
210,H,K,1.0,1.0,1.0,1.0,1.0
211,H,I,1.0,1.0,1.0,1.0,1.0
212,W,K,1.0,1.0,1.0,1.0,1.0
213,W,F,1.0,1.0,1.0,1.0,1.0
214,W,A,1.0,1.0,1.0,1.0,1.0
215,W,N,1.0,1.0,1.0,1.0,1.0
216,W,-,1.0,1.0,1.0,1.0,1.0
217,W,P,1.0,1.0,1.0,1.0,1.0
218,W,D,1.0,1.0,1.0,1.0,1.0
219,W,V,1.0,1.0,1.0,1.0,1.0
220,W,Y,1.0,1.0,1.0,1.0,1.0
221,W,G,1.0,1.0,1.0,1.0,1.0
222,W,T,1.0,1.0,1.0,1.0,1.0
223,W,Q,1.0,1.0,1.0,1.0,1.0
224,E,R,1.0,1.0,1.0,1.0,1.0
225,A,A,1.0,1.0,1.0,1.0,1.0
226,A,N,1.0,1.0,1.0,1.0,1.0
227,T,G,1.0,1.0,1.0,1.0,1.0
228,T,T,1.0,1.0,1.0,1.0,1.0
229,T,F,1.0,1.0,1.0,1.0,1.0
230,T,H,1.0,1.0,1.0,1.0,1.0
231,G,Q,1.0,1.0,1.0,1.0,1.0
232,G,P,1.0,1.0,1.0,1.0,1.0
233,G,G,1.0,1.0,1.0,1.0,1.0
234,G,T,1.0,1.0,1.0,1.0,1.0
235,G,K,1.0,1.0,1.0,1.0,1.0
236,G,I,1.0,1.0,1.0,1.0,1.0
237,G,H,1.0,1.0,1.0,1.0,1.0
238,S,Q,1.0,1.0,1.0,1.0,1.0
239,T,L,1.0,1.0,1.0,1.0,1.0
240,T,Y,1.0,1.0,1.0,1.0,1.0
241,T,V,1.0,1.0,1.0,1.0,1.0
242,T,D,1.0,1.0,1.0,1.0,1.0
243,E,S,1.0,1.0,1.0,1.0,1.0
244,E,N,1.0,1.0,1.0,1.0,1.0
245,E,F,1.0,1.0,1.0,1.0,1.0
246,E,I,1.0,1.0,1.0,1.0,1.0
247,E,H,1.0,1.0,1.0,1.0,1.0
248,S,D,1.0,1.0,1.0,1.0,1.0
249,R,Q,1.0,1.0,1.0,1.0,1.0
250,R,V,1.0,1.0,1.0,1.0,1.0
251,R,Y,1.0,1.0,1.0,1.0,1.0
252,R,R,1.0,1.0,1.0,1.0,1.0
253,R,A,1.0,1.0,1.0,1.0,1.0
254,R,F,1.0,1.0,1.0,1.0,1.0
255,T,Q,1.0,1.0,1.0,1.0,1.0
256,S,V,1.0,1.0,1.0,1.0,1.0
257,A,Q,1.0,1.0,1.0,1.0,1.0
258,A,P,1.0,1.0,1.0,1.0,1.0
259,A,Y,1.0,1.0,1.0,1.0,1.0
260,A,L,1.0,1.0,1.0,1.0,1.0
261,A,R,1.0,1.0,1.0,1.0,1.0
262,S,H,1.0,1.0,1.0,1.0,1.0
263,N,Q,1.0,1.0,1.0,1.0,1.0
264,N,P,1.0,1.0,1.0,1.0,1.0
265,N,V,1.0,1.0,1.0,1.0,1.0
266,N,R,1.0,1.0,1.0,1.0,1.0
267,S,S,1.0,1.0,1.0,1.0,1.0
268,N,G,1.0,1.0,1.0,1.0,1.0
269,N,A,1.0,1.0,1.0,1.0,1.0
270,N,F,1.0,1.0,1.0,1.0,1.0
271,N,N,1.0,1.0,1.0,1.0,1.0
