,from,to,pval,qval,obs,exp,significant
8,N,K,0.0028267362191859466,0.7208177358924164,2,0.07779767547771232,False
197,L,Q,0.005843187567197118,1.0,1,0.005860013579675423,False
170,Y,N,0.00934320174436765,1.0,1,0.009386322218255166,False
201,L,-,0.013210391530234714,1.0,2,0.17338140150994075,False
1,N,T,0.021325712790167206,1.0,1,0.021552167493939463,False
98,W,R,0.033830519232672496,1.0,1,0.03440524863848435,False
110,E,K,0.03999488561298887,1.0,2,0.3155330025529708,False
46,F,S,0.04072413027584939,1.0,1,0.04156087082338875,False
53,V,F,0.041698580877241175,1.0,2,0.3229332613937694,False
112,E,Q,0.04178502089434475,1.0,1,0.04266656412996305,False
176,Y,H,0.0458710780838797,1.0,1,0.046936439446326375,False
96,W,L,0.04916681528755204,1.0,1,0.050393541662515015,False
128,H,Y,0.04963631973761547,1.0,2,0.35600588403830385,False
269,A,-,0.09824088708177402,1.0,1,0.10331070356478039,False
221,S,N,0.1274988927905383,1.0,1,0.1362223810409635,False
226,S,I,0.13313860729370816,1.0,1,0.1426907673570073,False
236,S,P,0.13512267141993842,1.0,1,0.14497618874759757,False
140,G,D,0.14355370177566582,1.0,1,0.15474556046652913,False
166,Q,R,0.16338738652660864,1.0,1,0.1781051422010551,False
45,F,L,0.16915621324107913,1.0,1,0.1850016426649137,False
30,T,R,0.17131228291834194,1.0,1,0.18759125042368816,False
211,R,G,0.17215900020591515,1.0,1,0.1886100333393527,False
116,E,-,0.19390789090311286,1.0,1,0.21513540653535124,False
159,Q,H,0.19663456727075912,1.0,2,0.8164700106917339,False
25,T,K,0.20134878882813076,1.0,1,0.22437204974703956,False
258,A,V,0.22325120050722452,1.0,3,1.6311873285001208,False
251,P,R,0.23830043305448792,1.0,1,0.27153059352569087,False
200,L,R,0.2432030240098081,1.0,1,0.2779555246462798,False
68,D,N,0.25258900085334657,1.0,1,0.29037083493290883,False
33,T,A,0.3618070600352815,1.0,1,0.4472859362688152,False
189,L,F,0.36839421091248264,1.0,2,1.2831965138457178,False
267,A,S,0.4436108510457525,1.0,1,0.5831735513596078,False
77,D,Y,0.45205503493173904,1.0,1,0.5983023971846418,False
223,S,F,0.5150879231731651,1.0,2,1.7156159449139117,False
250,P,S,0.6097172468123255,1.0,1,0.9328816509603203,False
74,D,H,0.7725027653390703,1.0,1,1.4608654946405404,False
244,P,H,0.7805845305192243,1.0,1,1.4960642029589974,False
9,N,Y,0.7914566660326808,1.0,1,1.5454791979979356,False
212,R,K,0.8492483779021459,1.0,1,1.8599451340847364,False
75,D,G,0.8587596151133008,1.0,2,3.3742766136516207,False
48,F,-,0.8640424064014849,1.0,1,1.9596490564267615,False
22,T,I,0.917230055418029,1.0,3,5.4132989987542555,False
186,Y,A,1.0,1.0,0,0.00034442266027205176,False
182,Y,S,1.0,1.0,0,0.003780602004574998,False
196,L,Y,1.0,1.0,0,0.0007483950328341311,False
195,L,K,1.0,1.0,0,0.001020392367348041,False
194,L,G,1.0,1.0,0,0.00042006688939722197,False
183,Y,R,1.0,1.0,0,0.0012344494412554379,False
193,L,H,1.0,1.0,0,0.003423303730834832,False
192,L,I,1.0,1.0,0,0.0403698765775882,False
191,L,D,1.0,1.0,0,0.0004651315365356213,False
184,Y,-,1.0,1.0,0,1.4200900362387068,False
190,L,V,1.0,1.0,0,0.02423673290204125,False
188,L,T,1.0,1.0,0,0.0010928176931061827,False
185,Y,P,1.0,1.0,0,0.0002510744626282247,False
187,L,N,1.0,1.0,0,0.000339594305221509,False
0,N,N,1.0,1.0,0,0.0,False
174,Y,D,1.0,1.0,0,0.0018186804023711145,False
180,Y,Q,1.0,1.0,0,0.0007129870957968175,False
149,G,R,1.0,1.0,0,1.767559388547651,False
150,G,-,1.0,1.0,0,1.6160021518661636,False
151,G,P,1.0,1.0,0,0.11220614301956372,False
152,G,A,1.0,1.0,0,0.006910985529010235,False
153,Q,N,1.0,1.0,0,0.0005230717971421347,False
154,Q,T,1.0,1.0,0,0.00101234510893047,False
155,Q,F,1.0,1.0,0,0.0004989300218894208,False
156,Q,V,1.0,1.0,0,0.00041362908266316493,False
157,Q,D,1.0,1.0,0,4.1845743771370776e-05,False
158,Q,I,1.0,1.0,0,0.0003363754018544805,False
160,Q,G,1.0,1.0,0,0.0004039723725620794,False
161,Q,K,1.0,1.0,0,0.036254508622842234,False
181,Y,L,1.0,1.0,0,0.0016673919441207738,False
162,Q,Y,1.0,1.0,0,0.0008449621338449868,False
164,Q,L,1.0,1.0,0,0.04850243593438576,False
165,Q,S,1.0,1.0,0,0.0006598751902408469,False
167,Q,-,1.0,1.0,0,0.03193795920765699,False
168,Q,P,1.0,1.0,0,0.00896786478054146,False
169,Q,A,1.0,1.0,0,0.00012231832794708383,False
171,Y,T,1.0,1.0,0,0.0008481810372120153,False
172,Y,F,1.0,1.0,0,0.010791373537963117,False
173,Y,V,1.0,1.0,0,0.004923312699870123,False
175,Y,I,1.0,1.0,0,0.0009576237516909851,False
177,Y,G,1.0,1.0,0,0.0002526839143117389,False
178,Y,K,1.0,1.0,0,0.00025912172104579595,False
179,Y,Y,1.0,1.0,0,0.0,False
163,Q,Q,1.0,1.0,0,0.0,False
198,L,L,1.0,1.0,0,0.0,False
210,R,H,1.0,1.0,0,0.03392402258511358,False
202,L,P,1.0,1.0,0,0.09034013244733896,False
239,P,T,1.0,1.0,0,0.02327428079529972,False
240,P,F,1.0,1.0,0,0.013561239885291159,False
241,P,V,1.0,1.0,0,0.0004297235994983075,False
242,P,D,1.0,1.0,0,8.851984259328433e-05,False
243,P,I,1.0,1.0,0,0.0004796166016872496,False
245,P,G,1.0,1.0,0,0.0002848729479820241,False
246,P,K,1.0,1.0,0,0.000333156498487452,False
247,P,Y,1.0,1.0,0,0.00048444495673779245,False
248,P,Q,1.0,1.0,0,0.011829469873829815,False
249,P,L,1.0,1.0,0,4.34468906841981,False
252,P,-,1.0,1.0,0,0.03512789244438225,False
253,P,P,1.0,1.0,0,0.0,False
254,P,A,1.0,1.0,0,0.0037661169394233697,False
255,A,N,1.0,1.0,0,0.0007612706463022452,False
256,A,T,1.0,1.0,0,0.16395323354791422,False
257,A,F,1.0,1.0,0,0.001506446775769348,False
259,A,D,1.0,1.0,0,2.805082759615018,False
260,A,I,1.0,1.0,0,0.0010541908527018405,False
261,A,H,1.0,1.0,0,0.00048766386010482097,False
262,A,G,1.0,1.0,0,0.014288712046239604,False
263,A,K,1.0,1.0,0,0.0007387383227330457,False
264,A,Y,1.0,1.0,0,0.0006260767048870474,False
265,A,Q,1.0,1.0,0,0.0008884173292998718,False
266,A,L,1.0,1.0,0,0.0026040928239260738,False
268,A,R,1.0,1.0,0,0.0007274721609484457,False
238,P,N,1.0,1.0,0,0.00011588052121302675,False
237,S,A,1.0,1.0,0,1.4213180478732281,False
235,S,-,1.0,1.0,0,1.6193514208195567,False
234,S,R,1.0,1.0,0,0.03153237738341139,False
203,L,A,1.0,1.0,0,0.00028326349629850985,False
204,R,N,1.0,1.0,0,0.011081074840995684,False
205,R,T,1.0,1.0,0,0.006619674774294154,False
206,R,F,1.0,1.0,0,0.00031223362660176654,False
207,R,V,1.0,1.0,0,0.0003846589523599083,False
208,R,D,1.0,1.0,0,0.0018154614990040859,False
209,R,I,1.0,1.0,0,1.4155900093316007,False
148,G,S,1.0,1.0,0,0.35951287925668146,False
213,R,Y,1.0,1.0,0,0.00026716897946336727,False
214,R,Q,1.0,1.0,0,0.006869139785238865,False
215,R,L,1.0,1.0,0,0.03546748674960376,False
216,R,S,1.0,1.0,0,0.09503651245983356,False
199,L,S,1.0,1.0,0,0.037791534980598354,False
217,R,R,1.0,1.0,0,0.0,False
219,R,P,1.0,1.0,0,0.004479104035220187,False
220,R,A,1.0,1.0,0,9.978600437788416e-05,False
222,S,T,1.0,1.0,0,0.04094445082860279,False
224,S,V,1.0,1.0,0,0.000938310331488814,False
225,S,D,1.0,1.0,0,0.00011909942458005527,False
227,S,H,1.0,1.0,0,0.0003910967590939653,False
228,S,G,1.0,1.0,0,0.04730983223690169,False
229,S,K,1.0,1.0,0,0.002853557834870784,False
230,S,Y,1.0,1.0,0,0.01861974652657648,False
231,S,Q,1.0,1.0,0,0.00039431566246099384,False
232,S,L,1.0,1.0,0,0.8313220308272034,False
233,S,S,1.0,1.0,0,0.0,False
218,R,-,1.0,1.0,0,0.024347785068203735,False
147,G,L,1.0,1.0,0,0.00584391906284028,False
135,H,A,1.0,1.0,0,0.00011748997289654101,False
145,G,Y,1.0,1.0,0,0.0006132010914189333,False
40,F,H,1.0,1.0,0,0.00192651366516657,False
41,F,G,1.0,1.0,0,0.0018202898540546288,False
42,F,K,1.0,1.0,0,0.0005198528937751061,False
43,F,Y,1.0,1.0,0,0.010004351664724643,False
44,F,Q,1.0,1.0,0,0.0004892733117883353,False
47,F,R,1.0,1.0,0,0.00031545252996879506,False
49,F,P,1.0,1.0,0,0.0003959251141445081,False
50,F,A,1.0,1.0,0,0.0001351939414151979,False
51,V,N,1.0,1.0,0,0.001018782915664527,False
52,V,T,1.0,1.0,0,0.0008755417158317578,False
54,V,V,1.0,1.0,0,0.0,False
55,V,D,1.0,1.0,0,0.0005150245387245634,False
56,V,I,1.0,1.0,0,0.23898748048503257,False
57,V,H,1.0,1.0,0,0.0008369148754274156,False
58,V,G,1.0,1.0,0,0.011943740943359328,False
59,V,K,1.0,1.0,0,0.0005649175409135055,False
60,V,Y,1.0,1.0,0,0.0009254347180206999,False
61,V,Q,1.0,1.0,0,0.0008143825518582158,False
62,V,L,1.0,1.0,0,0.4292311072831522,False
63,V,S,1.0,1.0,0,0.0020085957010257975,False
64,V,R,1.0,1.0,0,0.0007081587407462746,False
65,V,-,1.0,1.0,0,1.5016184207188052,False
66,V,P,1.0,1.0,0,0.0003959251141445081,False
67,V,A,1.0,1.0,0,0.293097246084782,False
69,D,T,1.0,1.0,0,0.0026668614395831294,False
70,D,F,1.0,1.0,0,0.0021051628020366526,False
71,D,V,1.0,1.0,0,0.006405617700386757,False
39,F,I,1.0,1.0,0,0.0033428311466591194,False
38,F,D,1.0,1.0,0,9.81765526943699e-05,False
37,F,V,1.0,1.0,0,0.02260152999159076,False
36,F,F,1.0,1.0,0,0.0,False
2,N,F,1.0,1.0,0,0.0006019349296343334,False
3,N,V,1.0,1.0,0,0.0009560143000074708,False
4,N,D,1.0,1.0,0,0.16500581494893254,False
5,N,I,1.0,1.0,0,0.004625564138419985,False
6,N,H,1.0,1.0,0,0.008876126034581147,False
7,N,G,1.0,1.0,0,0.00028326349629850985,False
10,N,Q,1.0,1.0,0,0.0005488230240783629,False
11,N,L,1.0,1.0,0,0.0017655684968151438,False
12,N,S,1.0,1.0,0,0.07451439404334323,False
13,N,R,1.0,1.0,0,0.0008031163900736161,False
14,N,-,1.0,1.0,0,0.0357652353110539,False
15,N,P,1.0,1.0,0,0.0001963531053887398,False
16,N,A,1.0,1.0,0,0.00015611681330088327,False
72,D,D,1.0,1.0,0,0.0,False
17,T,N,1.0,1.0,0,0.11883386505227542,False
19,T,F,1.0,1.0,0,0.0010670664661699546,False
20,T,V,1.0,1.0,0,0.001537026357756119,False
21,T,D,1.0,1.0,0,0.00021888542895793944,False
23,T,H,1.0,1.0,0,0.0007451761294671027,False
24,T,G,1.0,1.0,0,0.00043455195454885037,False
26,T,Y,1.0,1.0,0,0.0010718948212204975,False
27,T,Q,1.0,1.0,0,0.0005729647993310768,False
28,T,L,1.0,1.0,0,0.0018508694360413998,False
29,T,S,1.0,1.0,0,0.011583223766252135,False
31,T,-,1.0,1.0,0,0.07241405959635712,False
32,T,P,1.0,1.0,0,0.006466776864360299,False
34,F,N,1.0,1.0,0,0.0006630940936078754,False
35,F,T,1.0,1.0,0,0.0005198528937751061,False
18,T,T,1.0,1.0,0,0.0,False
146,G,Q,1.0,1.0,0,0.0010863798863721258,False
73,D,I,1.0,1.0,0,0.0010155640122974984,False
78,D,Q,1.0,1.0,0,0.0028084931877323848,False
115,E,R,1.0,1.0,0,0.0008143825518582158,False
117,E,P,1.0,1.0,0,0.00012070887626356953,False
118,E,A,1.0,1.0,0,0.030494281047544695,False
119,H,N,1.0,1.0,0,0.00426504696131279,False
120,H,T,1.0,1.0,0,0.00018186804023711143,False
121,H,F,1.0,1.0,0,0.00032993759512042346,False
122,H,V,1.0,1.0,0,0.0002575122693622817,False
123,H,D,1.0,1.0,0,0.013162095867779623,False
124,H,I,1.0,1.0,0,0.00024141775252713906,False
125,H,H,1.0,1.0,0,0.0,False
126,H,G,1.0,1.0,0,2.897013030325669e-05,False
127,H,K,1.0,1.0,0,8.691039090977007e-05,False
129,H,Q,1.0,1.0,0,0.01881609963196522,False
130,H,L,1.0,1.0,0,0.004862153535896582,False
131,H,S,1.0,1.0,0,0.000753223387884674,False
132,H,R,1.0,1.0,0,0.014927664364594766,False
133,H,-,1.0,1.0,0,1.4404399433250612,False
134,H,P,1.0,1.0,0,0.0005971065745837906,False
270,A,P,1.0,1.0,0,0.003173838719890122,False
136,G,N,1.0,1.0,0,0.0015048373240858337,False
137,G,T,1.0,1.0,0,0.001042924690917241,False
138,G,F,1.0,1.0,0,0.0032591396591163777,False
139,G,V,1.0,1.0,0,0.2669162955490555,False
141,G,I,1.0,1.0,0,0.0006244672532035331,False
142,G,H,1.0,1.0,0,0.0006309050599375901,False
143,G,G,1.0,1.0,0,0.0,False
144,G,K,1.0,1.0,0,0.00044742756801696443,False
114,E,S,1.0,1.0,0,0.0010461435942842694,False
113,E,L,1.0,1.0,0,0.002359456168031906,False
111,E,Y,1.0,1.0,0,0.0004763976983202211,False
109,E,G,1.0,1.0,0,0.05967846842470878,False
79,D,L,1.0,1.0,0,1.3981499908890402,False
80,D,S,1.0,1.0,0,0.0020794115751004245,False
81,D,R,1.0,1.0,0,0.0007693179047198166,False
82,D,-,1.0,1.0,0,0.21186339126276674,False
83,D,P,1.0,1.0,0,0.0007129870957968175,False
84,D,A,1.0,1.0,0,0.05656900777215924,False
85,W,N,1.0,1.0,0,0.00018347749192062569,False
86,W,T,1.0,1.0,0,4.023629208785651e-05,False
87,W,F,1.0,1.0,0,0.00034603211195556604,False
88,W,V,1.0,1.0,0,8.530093922625581e-05,False
89,W,D,1.0,1.0,0,3.218903367028521e-06,False
90,W,I,1.0,1.0,0,9.012929427679858e-05,False
91,W,H,1.0,1.0,0,3.218903367028521e-06,False
76,D,K,1.0,1.0,0,0.000611591639735419,False
92,W,G,1.0,1.0,0,0.0005794026060651339,False
94,W,Y,1.0,1.0,0,0.00016577352340196885,False
95,W,Q,1.0,1.0,0,3.8626840404342253e-05,False
97,W,S,1.0,1.0,0,0.0024238342353724764,False
99,W,-,1.0,1.0,0,0.007450151842987513,False
100,W,P,1.0,1.0,0,3.218903367028521e-06,False
101,W,A,1.0,1.0,0,2.736067861974243e-05,False
102,E,N,1.0,1.0,0,0.009030633396198516,False
103,E,T,1.0,1.0,0,0.0005488230240783629,False
104,E,F,1.0,1.0,0,0.00018186804023711143,False
105,E,V,1.0,1.0,0,0.01777478439273149,False
106,E,D,1.0,1.0,0,0.31466067974050604,False
107,E,I,1.0,1.0,0,0.007009162081704605,False
108,E,H,1.0,1.0,0,0.0005053678286234778,False
93,W,K,1.0,1.0,0,0.00015289790993385476,False
271,A,A,1.0,1.0,0,0.0,False
