,from,to,pval,obs,exp,significant
277,F,-,0.007868745468082285,4,0.7703349282296651,False
182,S,L,0.012001330826677873,11,4.952153110047846,False
298,A,D,0.029291662169754058,3,0.6602870813397129,False
131,T,K,0.029291662169754058,3,0.6602870813397129,False
11,E,K,0.051176580553052194,6,2.6411483253588517,False
50,L,S,0.0725034307715561,2,0.44019138755980863,False
159,R,P,0.10423017225264486,1,0.11004784688995216,False
48,L,R,0.10423017225264486,1,0.11004784688995216,False
152,R,M,0.10423017225264486,1,0.11004784688995216,False
374,P,F,0.10423017225264486,1,0.11004784688995216,False
357,D,-,0.14197289065416024,2,0.6602870813397129,False
147,R,I,0.14723634396962154,3,1.3205741626794258,False
370,P,S,0.1548999916039307,12,8.583732057416269,False
135,T,A,0.1589293745868631,4,2.090909090909091,False
98,G,D,0.1735535924130047,3,1.430622009569378,False
31,N,K,0.1804609695407398,2,0.7703349282296651,False
161,Y,N,0.19763485743156028,1,0.22009569377990432,False
43,L,Q,0.19763485743156028,1,0.22009569377990432,False
82,G,L,0.19763485743156028,1,0.22009569377990432,False
170,Y,S,0.19763485743156028,1,0.22009569377990432,False
328,W,R,0.19763485743156028,1,0.22009569377990432,False
110,I,S,0.19763485743156028,1,0.22009569377990432,False
188,S,R,0.22027125553332957,2,0.8803827751196173,False
197,S,-,0.22027125553332957,2,0.8803827751196173,False
373,P,H,0.22027125553332957,2,0.8803827751196173,False
362,P,L,0.2449092208319419,10,7.70334928229665,False
96,G,V,0.25720477452790075,5,3.4114832535885165,False
194,S,F,0.26097193989703216,6,4.291866028708134,False
345,D,G,0.2779857781769149,5,3.521531100478469,False
114,I,F,0.2813344093784317,1,0.33014354066985646,False
128,T,R,0.2813344093784317,1,0.33014354066985646,False
231,M,K,0.2813344093784317,1,0.33014354066985646,False
368,P,R,0.2813344093784317,1,0.33014354066985646,False
297,A,-,0.2813344093784317,1,0.33014354066985646,False
353,D,H,0.3012256592381649,2,1.1004784688995215,False
349,D,Y,0.31346860759547074,7,5.502392344497608,False
127,T,I,0.3200745824639175,23,20.57894736842105,False
57,L,-,0.3413556815312829,2,1.2105263157894737,False
262,F,L,0.34629585478058633,4,2.971291866028708,False
59,L,P,0.3563336479046656,1,0.44019138755980863,False
181,S,N,0.3807440103117167,2,1.3205741626794258,False
341,D,N,0.3958310936790683,4,3.1913875598086126,False
312,V,M,0.42353373026742913,1,0.5502392344497608,False
26,N,T,0.42353373026742913,1,0.5502392344497608,False
270,F,S,0.42353373026742913,1,0.5502392344497608,False
151,R,K,0.456238071424058,2,1.5406698564593302,False
195,S,A,0.456238071424058,2,1.5406698564593302,False
88,G,R,0.456238071424058,2,1.5406698564593302,False
249,H,Y,0.46879187344543927,4,3.521531100478469,False
243,H,Q,0.48374280720808305,1,0.6602870813397129,False
145,R,G,0.48374280720808305,1,0.6602870813397129,False
29,N,Y,0.48374280720808305,1,0.6602870813397129,False
164,Y,C,0.4919698291900789,2,1.6507177033492821,False
186,S,T,0.5376855875430457,1,0.7703349282296651,False
217,K,-,0.5376855875430457,1,0.7703349282296651,False
73,Q,H,0.5527398220377413,5,4.952153110047846,False
116,I,V,0.5527398220377413,5,4.952153110047846,False
315,V,A,0.558830556306,2,1.8708133971291867,False
144,R,C,0.558830556306,2,1.8708133971291867,False
208,K,R,0.5716454872748917,3,2.971291866028708,False
201,K,N,0.5722139154976793,5,5.062200956937799,False
322,W,L,0.5860119226945264,1,0.8803827751196173,False
189,S,Y,0.5860119226945264,1,0.8803827751196173,False
200,K,E,0.5860119226945264,1,0.8803827751196173,False
296,A,V,0.6173472973958634,14,14.746411483253588,False
132,T,M,0.6293045112222486,1,0.9904306220095693,False
236,M,V,0.6680858132384696,1,1.1004784688995215,False
150,R,S,0.6680858132384696,1,1.1004784688995215,False
17,E,-,0.6680858132384696,1,1.1004784688995215,False
97,G,-,0.6680858132384696,1,1.1004784688995215,False
324,W,C,0.6680858132384696,1,1.1004784688995215,False
68,Q,R,0.6730535429081914,2,2.311004784688995,False
90,G,S,0.6850705824323535,3,3.521531100478469,False
71,Q,K,0.7028242554414545,1,1.2105263157894737,False
54,L,F,0.7097357371783841,9,10.344497607655503,False
62,Q,L,0.7339397992829103,1,1.3205741626794258,False
3,E,Q,0.7339397992829103,1,1.3205741626794258,False
173,Y,H,0.7618089373990168,1,1.430622009569378,False
185,S,G,0.7867691767983558,1,1.5406698564593302,False
84,G,C,0.7982919525369402,2,2.971291866028708,False
199,S,P,0.8291417806574186,1,1.7607655502392345,False
106,I,T,0.868201994262541,2,3.521531100478469,False
314,V,F,0.8746937281077779,4,6.2727272727272725,False
227,M,I,0.8746937281077779,4,6.2727272727272725,False
30,N,S,0.9371034625029863,1,2.751196172248804,False
187,S,I,0.9437273318865111,1,2.861244019138756,False
286,A,T,0.9677646808207231,1,3.4114832535885165,False
18,E,D,0.9711679939200193,1,3.521531100478469,False
290,A,S,0.9896136510986878,3,8.253588516746412,False
307,V,I,0.991577686893708,1,4.732057416267942,False
302,V,L,0.9939851919125605,1,5.062200956937799,False
232,M,M,1.0,0,0.0,False
233,M,H,1.0,0,0.0,False
265,F,G,1.0,0,0.11004784688995216,False
230,M,S,1.0,0,0.0,False
264,F,C,1.0,0,0.0,False
229,M,Y,1.0,0,0.0,False
248,H,R,1.0,0,0.44019138755980863,False
228,M,R,1.0,0,0.11004784688995216,False
268,F,R,1.0,0,0.0,False
226,M,T,1.0,0,0.6602870813397129,False
225,M,G,1.0,0,0.0,False
224,M,C,1.0,0,0.0,False
269,F,Y,1.0,0,0.5502392344497608,False
223,M,Q,1.0,0,0.0,False
222,M,L,1.0,0,0.33014354066985646,False
271,F,K,1.0,0,0.0,False
221,M,N,1.0,0,0.0,False
220,M,E,1.0,0,0.0,False
266,F,T,1.0,0,0.0,False
267,F,I,1.0,0,0.11004784688995216,False
238,M,D,1.0,0,0.0,False
234,M,F,1.0,0,0.0,False
272,F,M,1.0,0,0.11004784688995216,False
247,H,I,1.0,0,0.0,False
250,H,S,1.0,0,0.0,False
251,H,K,1.0,0,0.0,False
246,H,T,1.0,0,0.0,False
252,H,M,1.0,0,0.0,False
253,H,H,1.0,0,0.0,False
245,H,G,1.0,0,0.0,False
244,H,C,1.0,0,0.0,False
254,H,F,1.0,0,0.0,False
255,H,A,1.0,0,0.0,False
242,H,L,1.0,0,0.11004784688995216,False
256,H,V,1.0,0,0.0,False
241,H,N,1.0,0,0.11004784688995216,False
257,H,-,1.0,0,0.33014354066985646,False
258,H,D,1.0,0,0.22009569377990432,False
240,H,E,1.0,0,0.0,False
259,H,P,1.0,0,0.11004784688995216,False
239,M,P,1.0,0,0.0,False
260,F,E,1.0,0,0.0,False
261,F,N,1.0,0,0.0,False
237,M,-,1.0,0,0.6602870813397129,False
235,M,A,1.0,0,0.0,False
263,F,Q,1.0,0,0.0,False
273,F,H,1.0,0,0.0,False
295,A,A,1.0,0,0.0,False
275,F,A,1.0,0,0.0,False
350,D,S,1.0,0,0.0,False
348,D,R,1.0,0,0.0,False
347,D,I,1.0,0,0.0,False
346,D,T,1.0,0,0.11004784688995216,False
344,D,C,1.0,0,0.0,False
343,D,Q,1.0,0,0.11004784688995216,False
342,D,L,1.0,0,0.11004784688995216,False
351,D,K,1.0,0,0.0,False
340,D,E,1.0,0,0.5502392344497608,False
338,W,D,1.0,0,0.0,False
337,W,-,1.0,0,0.0,False
336,W,V,1.0,0,0.0,False
335,W,A,1.0,0,0.0,False
334,W,F,1.0,0,0.0,False
333,W,H,1.0,0,0.0,False
332,W,M,1.0,0,0.0,False
339,W,P,1.0,0,0.0,False
331,W,K,1.0,0,0.0,False
352,D,M,1.0,0,0.0,False
355,D,A,1.0,0,1.2105263157894737,False
377,P,-,1.0,0,0.6602870813397129,False
376,P,V,1.0,0,0.0,False
375,P,A,1.0,0,0.0,False
372,P,M,1.0,0,0.0,False
371,P,K,1.0,0,0.0,False
369,P,Y,1.0,0,0.0,False
367,P,I,1.0,0,0.0,False
354,D,F,1.0,0,0.11004784688995216,False
366,P,T,1.0,0,0.5502392344497608,False
364,P,C,1.0,0,0.0,False
363,P,Q,1.0,0,0.11004784688995216,False
361,P,N,1.0,0,0.0,False
360,P,E,1.0,0,0.0,False
359,D,P,1.0,0,0.0,False
358,D,D,1.0,0,0.0,False
356,D,V,1.0,0,0.33014354066985646,False
365,P,G,1.0,0,0.0,False
330,W,S,1.0,0,0.11004784688995216,False
329,W,Y,1.0,0,0.0,False
327,W,I,1.0,0,0.0,False
294,A,F,1.0,0,0.0,False
293,A,H,1.0,0,0.0,False
292,A,M,1.0,0,0.0,False
291,A,K,1.0,0,0.0,False
289,A,Y,1.0,0,0.0,False
288,A,R,1.0,0,0.0,False
287,A,I,1.0,0,0.0,False
299,A,P,1.0,0,0.0,False
285,A,G,1.0,0,0.33014354066985646,False
283,A,Q,1.0,0,0.0,False
282,A,L,1.0,0,0.0,False
281,A,N,1.0,0,0.0,False
280,A,E,1.0,0,0.0,False
279,F,P,1.0,0,0.0,False
278,F,D,1.0,0,0.0,False
276,F,V,1.0,0,0.33014354066985646,False
284,A,C,1.0,0,0.0,False
300,V,E,1.0,0,0.0,False
301,V,N,1.0,0,0.0,False
303,V,Q,1.0,0,0.0,False
326,W,T,1.0,0,0.0,False
325,W,G,1.0,0,0.0,False
323,W,Q,1.0,0,0.0,False
321,W,N,1.0,0,0.0,False
320,W,E,1.0,0,0.0,False
319,V,P,1.0,0,0.0,False
318,V,D,1.0,0,0.0,False
317,V,-,1.0,0,1.2105263157894737,False
316,V,V,1.0,0,0.0,False
313,V,H,1.0,0,0.0,False
311,V,K,1.0,0,0.0,False
310,V,S,1.0,0,0.0,False
309,V,Y,1.0,0,0.0,False
308,V,R,1.0,0,0.0,False
306,V,T,1.0,0,0.0,False
305,V,G,1.0,0,0.44019138755980863,False
304,V,C,1.0,0,0.0,False
274,F,F,1.0,0,0.0,False
219,K,P,1.0,0,0.0,False
0,E,E,1.0,0,0.0,False
216,K,V,1.0,0,0.0,False
74,Q,F,1.0,0,0.0,False
72,Q,M,1.0,0,0.0,False
70,Q,S,1.0,0,0.0,False
69,Q,Y,1.0,0,0.0,False
67,Q,I,1.0,0,0.0,False
66,Q,T,1.0,0,0.0,False
65,Q,G,1.0,0,0.0,False
75,Q,A,1.0,0,0.0,False
64,Q,C,1.0,0,0.0,False
61,Q,N,1.0,0,0.0,False
60,Q,E,1.0,0,0.11004784688995216,False
58,L,D,1.0,0,0.0,False
56,L,V,1.0,0,0.6602870813397129,False
55,L,A,1.0,0,0.0,False
53,L,H,1.0,0,0.0,False
52,L,M,1.0,0,0.5502392344497608,False
63,Q,Q,1.0,0,0.0,False
51,L,K,1.0,0,0.22009569377990432,False
76,Q,V,1.0,0,0.0,False
78,Q,D,1.0,0,0.0,False
101,I,N,1.0,0,0.0,False
100,I,E,1.0,0,0.0,False
99,G,P,1.0,0,0.0,False
95,G,A,1.0,0,0.33014354066985646,False
94,G,F,1.0,0,0.11004784688995216,False
93,G,H,1.0,0,0.0,False
92,G,M,1.0,0,0.0,False
77,Q,-,1.0,0,0.22009569377990432,False
91,G,K,1.0,0,0.0,False
87,G,I,1.0,0,0.0,False
86,G,T,1.0,0,0.0,False
85,G,G,1.0,0,0.0,False
83,G,Q,1.0,0,0.0,False
81,G,N,1.0,0,0.11004784688995216,False
80,G,E,1.0,0,0.22009569377990432,False
79,Q,P,1.0,0,0.22009569377990432,False
89,G,Y,1.0,0,0.11004784688995216,False
102,I,L,1.0,0,0.5502392344497608,False
49,L,Y,1.0,0,0.0,False
46,L,T,1.0,0,0.0,False
20,N,E,1.0,0,0.0,False
19,E,P,1.0,0,0.0,False
16,E,V,1.0,0,0.7703349282296651,False
15,E,A,1.0,0,0.8803827751196173,False
14,E,F,1.0,0,0.0,False
13,E,H,1.0,0,0.0,False
12,E,M,1.0,0,0.0,False
21,N,N,1.0,0,0.0,False
10,E,S,1.0,0,0.0,False
8,E,R,1.0,0,0.0,False
7,E,I,1.0,0,0.0,False
6,E,T,1.0,0,0.0,False
5,E,G,1.0,0,1.9808612440191387,False
4,E,C,1.0,0,0.0,False
2,E,L,1.0,0,0.0,False
1,E,N,1.0,0,0.0,False
9,E,Y,1.0,0,0.0,False
47,L,I,1.0,0,1.7607655502392345,False
22,N,L,1.0,0,0.22009569377990432,False
24,N,C,1.0,0,0.0,False
45,L,G,1.0,0,0.0,False
44,L,C,1.0,0,0.11004784688995216,False
42,L,L,1.0,0,0.0,False
41,L,N,1.0,0,0.0,False
40,L,E,1.0,0,0.0,False
39,N,P,1.0,0,0.0,False
38,N,D,1.0,0,1.2105263157894737,False
23,N,Q,1.0,0,0.0,False
37,N,-,1.0,0,0.6602870813397129,False
35,N,A,1.0,0,0.0,False
34,N,F,1.0,0,0.0,False
33,N,H,1.0,0,0.5502392344497608,False
32,N,M,1.0,0,0.0,False
28,N,R,1.0,0,0.0,False
27,N,I,1.0,0,0.44019138755980863,False
25,N,G,1.0,0,0.0,False
36,N,V,1.0,0,0.0,False
103,I,Q,1.0,0,0.0,False
104,I,C,1.0,0,0.0,False
105,I,G,1.0,0,0.0,False
184,S,C,1.0,0,0.44019138755980863,False
183,S,Q,1.0,0,0.0,False
180,S,E,1.0,0,0.0,False
179,Y,P,1.0,0,0.0,False
178,Y,D,1.0,0,0.0,False
177,Y,-,1.0,0,0.33014354066985646,False
176,Y,V,1.0,0,0.11004784688995216,False
378,P,D,1.0,0,0.0,False
175,Y,A,1.0,0,0.0,False
172,Y,M,1.0,0,0.0,False
171,Y,K,1.0,0,0.0,False
169,Y,Y,1.0,0,0.0,False
168,Y,R,1.0,0,0.0,False
167,Y,I,1.0,0,0.0,False
166,Y,T,1.0,0,0.0,False
165,Y,G,1.0,0,0.0,False
174,Y,F,1.0,0,0.6602870813397129,False
163,Y,Q,1.0,0,0.0,False
190,S,S,1.0,0,0.0,False
192,S,M,1.0,0,0.11004784688995216,False
215,K,A,1.0,0,0.0,False
214,K,F,1.0,0,0.0,False
213,K,H,1.0,0,0.0,False
212,K,M,1.0,0,0.0,False
211,K,K,1.0,0,0.0,False
210,K,S,1.0,0,0.0,False
209,K,Y,1.0,0,0.0,False
191,S,K,1.0,0,0.11004784688995216,False
207,K,I,1.0,0,0.0,False
205,K,G,1.0,0,0.11004784688995216,False
204,K,C,1.0,0,0.0,False
203,K,Q,1.0,0,0.6602870813397129,False
202,K,L,1.0,0,0.0,False
198,S,D,1.0,0,0.0,False
196,S,V,1.0,0,0.0,False
193,S,H,1.0,0,0.0,False
206,K,T,1.0,0,0.22009569377990432,False
162,Y,L,1.0,0,0.0,False
160,Y,E,1.0,0,0.0,False
158,R,D,1.0,0,0.11004784688995216,False
125,T,G,1.0,0,0.0,False
124,T,C,1.0,0,0.0,False
123,T,Q,1.0,0,0.0,False
122,T,L,1.0,0,0.0,False
121,T,N,1.0,0,2.311004784688995,False
120,T,E,1.0,0,0.0,False
119,I,P,1.0,0,0.0,False
126,T,T,1.0,0,0.0,False
118,I,D,1.0,0,0.0,False
115,I,A,1.0,0,0.0,False
113,I,H,1.0,0,0.0,False
112,I,M,1.0,0,0.33014354066985646,False
111,I,K,1.0,0,0.0,False
109,I,Y,1.0,0,0.0,False
108,I,R,1.0,0,0.0,False
107,I,I,1.0,0,0.0,False
117,I,-,1.0,0,0.6602870813397129,False
129,T,Y,1.0,0,0.0,False
130,T,S,1.0,0,0.5502392344497608,False
133,T,H,1.0,0,0.0,False
157,R,-,1.0,0,0.33014354066985646,False
156,R,V,1.0,0,0.0,False
155,R,A,1.0,0,0.0,False
154,R,F,1.0,0,0.0,False
153,R,H,1.0,0,0.7703349282296651,False
149,R,Y,1.0,0,0.0,False
148,R,R,1.0,0,0.0,False
146,R,T,1.0,0,0.22009569377990432,False
143,R,Q,1.0,0,0.0,False
142,R,L,1.0,0,0.7703349282296651,False
141,R,N,1.0,0,0.11004784688995216,False
140,R,E,1.0,0,0.0,False
139,T,P,1.0,0,0.11004784688995216,False
138,T,D,1.0,0,0.0,False
137,T,-,1.0,0,0.5502392344497608,False
136,T,V,1.0,0,0.0,False
134,T,F,1.0,0,0.0,False
218,K,D,1.0,0,0.0,False
379,P,P,1.0,0,0.0,False
