Lineage name,Relative reporoduction number,Confirmed cases / day
A,1.0,15195.5556640625
A.1,0.8794680237770081,6359.96533203125
A.11,1.065995454788208,176.7496337890625
A.12,1.1242257356643677,0.33533936738967896
A.15,1.088553786277771,26.88249397277832
A.16,0.9410001635551453,170.60154724121094
A.17,0.9488999247550964,26.589887619018555
A.18,1.161338448524475,1361.9964599609375
A.19,1.1610417366027832,3338.953369140625
A.2,0.9438406825065613,7684.34814453125
A.2.2,1.02304208278656,3578.052490234375
A.2.3,0.9471646547317505,8.436842918395996
A.2.4,0.947744607925415,6219.9921875
A.2.5,1.6987125873565674,13349.7578125
A.2.5.1,1.6979223489761353,206.20364379882812
A.2.5.2,1.6986161470413208,1032.3408203125
A.2.5.3,1.7491774559020996,892.3945922851562
A.21,1.1614419221878052,4315.07763671875
A.22,1.0660583972930908,18.62375831604004
A.23,1.2616921663284302,393.4603576660156
A.23.1,1.275482177734375,3521.168212890625
A.24,1.0887049436569214,196.233154296875
A.25,1.088688611984253,328.773681640625
A.26,1.0885621309280396,0.5951482057571411
A.27,1.3997652530670166,7031.6806640625
A.28,1.4297430515289307,129.18405151367188
A.29,1.3328864574432373,547.68798828125
A.3,0.940403163433075,1589.404541015625
A.30,1.8673733472824097,0.8159140944480896
A.4,1.0657672882080078,1.5927890539169312
A.5,0.9405244588851929,2201.652587890625
A.6,0.941188633441925,3139.427001953125
A.7,1.114628791809082,4.526668548583984
A.9,1.0660110712051392,20.24814224243164
AA.1,1.3164021968841553,685.2899780273438
AA.2,1.3167459964752197,0.11350087821483612
AA.3,1.3167328834533691,0.11350087821483612
AA.4,1.3167846202850342,0.11350087821483612
AA.5,1.3167403936386108,0.11764287948608398
AA.6,1.3485045433044434,0.6346665620803833
AA.7,1.3173645734786987,0.11803584545850754
AA.8,1.3168444633483887,0.11907492578029633
AB.1,1.2763841152191162,0.7722930908203125
AC.1,1.1645148992538452,0.26836299896240234
AD.1,1.1786186695098877,6.736856937408447
AD.2,1.1784138679504395,1016.6685791015625
AD.2.1,1.1788628101348877,83.2790298461914
AE.1,1.1260461807250977,160.76266479492188
AE.2,1.1260207891464233,0.32691994309425354
AE.3,1.1295262575149536,13.547639846801758
AE.4,1.126044511795044,26.428369522094727
AE.5,1.1260572671890259,20.761098861694336
AE.6,1.1317750215530396,0.31172218918800354
AE.7,1.12619149684906,0.32646021246910095
AE.8,1.1259288787841797,472.2702941894531
AF.1,1.2619123458862305,2.554713726043701
AG.1,1.1262990236282349,3.2523152828216553
AH.1,1.2049593925476074,1.8552743196487427
AH.2,1.2047933340072632,7.193638324737549
AH.3,1.2045358419418335,363.44378662109375
AJ.1,1.1467832326889038,3.021735668182373
AK.1,1.1868396997451782,0.3501841425895691
AK.2,1.1710904836654663,0.23436497151851654
AL.1,1.154537558555603,29.845495223999023
AM.1,1.1824030876159668,1.2404025793075562
AM.2,1.1835856437683105,0.315639466047287
AM.3,1.2064045667648315,0.26710498332977295
AM.4,1.1685415506362915,14.419938087463379
AN.1,1.126031756401062,21.599842071533203
AP.1,1.2535861730575562,0.15687860548496246
AQ.1,1.1263188123703003,21.2791690826416
AQ.2,1.2034393548965454,0.5727291107177734
AS.1,1.1939588785171509,0.35405102372169495
AS.2,1.2068833112716675,0.27708980441093445
AT.1,2.133410692214966,681.5868530273438
AU.1,1.5015064477920532,1668.5447998046875
AU.2,1.0196762084960938,142.0092010498047
AU.3,1.6458234786987305,766.24560546875
AV.1,1.6634845733642578,12.97138786315918
AW.1,1.1786459684371948,5.5860795974731445
AY.1,2.8874926567077637,9437.0771484375
AY.10,2.5588912963867188,197.4532470703125
AY.100,2.934957504272461,7351.80908203125
AY.101,2.816873788833618,1709.5582275390625
AY.102,2.8136041164398193,2121.43505859375
AY.102.1,2.8133177757263184,68.40839385986328
AY.102.2,2.8139801025390625,257.2784729003906
AY.103,2.9393956661224365,8533.1142578125
AY.103.1,2.9098000526428223,672.5797119140625
AY.103.2,2.8984837532043457,14.589544296264648
AY.104,2.8094115257263184,701.5908813476562
AY.105,2.813730478286743,49.70935821533203
AY.106,2.816190242767334,4002.067138671875
AY.107,2.859498977661133,2032.7763671875
AY.108,2.8153438568115234,822.4979248046875
AY.109,3.0207130908966064,641.5584106445312
AY.11,2.5620229244232178,0.7894143462181091
AY.110,2.7834136486053467,65.58060455322266
AY.111,2.969493865966797,273.9163513183594
AY.112,2.818128824234009,4091.157958984375
AY.112.1,2.8144404888153076,15.707839965820312
AY.112.2,3.2665488719940186,112.6968002319336
AY.112.3,2.8141982555389404,4.888426780700684
AY.113,2.900491237640381,5534.38916015625
AY.114,2.8248441219329834,100.62646484375
AY.116,2.8114891052246094,20858.857421875
AY.116.1,2.8584482669830322,30.869630813598633
AY.117,2.918224573135376,282.5940856933594
AY.118,2.8303096294403076,10328.224609375
AY.119,2.9084339141845703,4587.72900390625
AY.119.1,3.205869674682617,982.9326782226562
AY.119.2,3.0295708179473877,2346.060546875
AY.120,2.829742193222046,1883.2198486328125
AY.120.1,2.8387722969055176,30.75710678100586
AY.120.2,2.711418390274048,23.280935287475586
AY.120.2.1,2.71120023727417,428.3663024902344
AY.121,3.006946086883545,10095.111328125
AY.121.1,3.2254130840301514,956.28369140625
AY.122,2.879603862762451,141301.390625
AY.122.1,2.8129775524139404,2625.85009765625
AY.122.2,2.765422821044922,1100.807373046875
AY.122.3,3.053889036178589,9.521949768066406
AY.122.4,3.120734214782715,2252.341796875
AY.122.5,2.880431652069092,169.28883361816406
AY.122.6,2.9666237831115723,299.1889953613281
AY.123,3.130159378051758,2222.739501953125
AY.123.1,3.2170004844665527,1626.4989013671875
AY.124,2.854658603668213,2746.658935546875
AY.124.1,2.8680479526519775,83.16465759277344
AY.124.1.1,2.9534597396850586,876.2960815429688
AY.125,2.8838374614715576,17317.861328125
AY.125.1,2.965564012527466,181.94593811035156
AY.126,3.0223865509033203,14674.4951171875
AY.127,3.1633191108703613,8994.654296875
AY.127.1,3.266719102859497,34.40641784667969
AY.127.2,3.2714061737060547,7.4219584465026855
AY.127.3,3.2676424980163574,4.0504279136657715
AY.128,2.84751033782959,543.7374267578125
AY.129,2.8884856700897217,2342.021240234375
AY.13,2.4520151615142822,159.10153198242188
AY.130,3.157409906387329,0.03418559581041336
AY.131,3.2654478549957275,1124.4730224609375
AY.132,2.896822690963745,2.319222927093506
AY.133,3.0534214973449707,61.983177185058594
AY.134,3.034252882003784,4.051156520843506
AY.14,2.560661792755127,1305.1697998046875
AY.15,2.489140748977661,46.6401252746582
AY.16,2.453836679458618,12455.5986328125
AY.16.1,2.4524006843566895,89.89794921875
AY.17,2.501220464706421,18.411436080932617
AY.18,2.4498753547668457,5.130829811096191
AY.19,2.522995948791504,66.1122055053711
AY.2,2.591273546218872,33.9101676940918
AY.20,2.8239264488220215,5986.83447265625
AY.20.1,2.8349931240081787,76.82826232910156
AY.21,2.8090662956237793,221.12646484375
AY.22,2.839733839035034,41.65224838256836
AY.23,2.7751617431640625,27009.103515625
AY.23.1,2.7765538692474365,50.53479766845703
AY.23.2,2.7757160663604736,437.7623596191406
AY.24,2.5687475204467773,6073.09326171875
AY.24.1,2.5769903659820557,268.3794860839844
AY.25,2.8755385875701904,7634.95751953125
AY.25.1,2.886549472808838,9225.8427734375
AY.25.1.1,3.0181262493133545,79.81330108642578
AY.25.1.2,2.89812970161438,615.2195434570312
AY.25.2,2.9223568439483643,308.3661804199219
AY.25.3,2.9250311851501465,41.85375213623047
AY.26,2.689271926879883,4726.30078125
AY.26.1,3.1107163429260254,40.85898208618164
AY.27,2.6288390159606934,579.4385986328125
AY.28,2.581188678741455,850.666015625
AY.29,2.9868595600128174,11361.171875
AY.29.1,2.972224473953247,1039.5225830078125
AY.29.2,3.7686469554901123,595.9889526367188
AY.3,2.873702049255371,3877.27978515625
AY.3.1,2.8300483226776123,239.61863708496094
AY.3.2,2.8555819988250732,37.18031692504883
AY.3.3,3.3182363510131836,16.206573486328125
AY.3.4,2.8364741802215576,0.0341859832406044
AY.30,2.2932379245758057,19721.279296875
AY.31,2.2727768421173096,335.10687255859375
AY.32,2.8080966472625732,293.15789794921875
AY.33,2.8470706939697266,11721.1806640625
AY.33.1,2.898388385772705,10.429333686828613
AY.33.2,3.2231433391571045,173.5745391845703
AY.34,2.917966604232788,8759.0859375
AY.34.1,2.9621121883392334,6772.51904296875
AY.34.1.1,2.9714248180389404,679.6698608398438
AY.34.2,3.133870840072632,1571.778564453125
AY.35,2.728067398071289,334.8934631347656
AY.36,3.020190954208374,5969.9140625
AY.36.1,3.409935474395752,51.727970123291016
AY.37,2.565044641494751,3067.303955078125
AY.38,2.561030626296997,5470.85595703125
AY.39,2.9560301303863525,1206.383056640625
AY.39.1,2.9734272956848145,3476.799072265625
AY.39.1.1,2.9604148864746094,66496.0546875
AY.39.1.2,2.95869517326355,1416.818359375
AY.39.1.3,2.9577529430389404,2872.655029296875
AY.39.1.4,3.0456502437591553,254.51649475097656
AY.39.2,3.045700788497925,822.5709228515625
AY.39.3,3.026768445968628,107.35504913330078
AY.4,2.9527735710144043,81288.9765625
AY.4.1,2.9318394660949707,73.79624938964844
AY.4.10,3.138883352279663,139.3734130859375
AY.4.11,3.159132719039917,542.3161010742188
AY.4.12,2.93432354927063,2.250333309173584
AY.4.13,3.2364003658294678,639.7772216796875
AY.4.14,2.9414708614349365,8.40366268157959
AY.4.15,2.943755865097046,4.829414367675781
AY.4.16,2.9247283935546875,1.6486501693725586
AY.4.17,3.0090103149414062,18.245271682739258
AY.4.2,3.2069437503814697,3901.600341796875
AY.4.2.1,3.3260061740875244,1436.138916015625
AY.4.2.2,3.2744131088256836,451.48992919921875
AY.4.2.3,3.2137880325317383,1817.922119140625
AY.4.2.4,3.2478291988372803,224.8409881591797
AY.4.2.5,3.205345630645752,0.5069310665130615
AY.4.3,2.948411464691162,894.2267456054688
AY.4.4,2.9121031761169434,3086.79150390625
AY.4.5,2.987788677215576,4582.78955078125
AY.4.6,2.9687602519989014,1046.929443359375
AY.4.7,2.5380046367645264,6678.6748046875
AY.4.8,2.9936978816986084,164.92935180664062
AY.4.9,3.0211329460144043,1408.0435791015625
AY.40,2.338261127471924,1801.9566650390625
AY.41,2.8780770301818848,1389.2093505859375
AY.42,2.781142234802246,12543.1875
AY.42.1,2.6524953842163086,372.3867492675781
AY.43,3.0062341690063477,126094.1484375
AY.43.1,2.9793384075164795,148.71107482910156
AY.43.2,2.9796688556671143,213.99072265625
AY.43.3,3.1183745861053467,935.3912353515625
AY.43.4,3.07360577583313,1472.951416015625
AY.43.5,2.985403060913086,20.437088012695312
AY.43.6,3.013838768005371,49.23288345336914
AY.43.7,2.9787094593048096,12.672750473022461
AY.43.8,2.990577459335327,1220.8199462890625
AY.43.9,3.136349678039551,2123.111328125
AY.44,2.865126609802246,4662.3486328125
AY.45,2.7544381618499756,6026.140625
AY.46,2.9145255088806152,16579.376953125
AY.46.1,2.908909797668457,22.005733489990234
AY.46.2,2.9088566303253174,277.02825927734375
AY.46.3,3.045767307281494,166.53236389160156
AY.46.4,2.905172348022461,952.5758056640625
AY.46.5,2.992307662963867,283.1580505371094
AY.46.6,2.942821502685547,11299.0283203125
AY.46.6.1,2.9076058864593506,3.211754322052002
AY.47,2.7146670818328857,1757.0609130859375
AY.48,2.3513991832733154,131.19561767578125
AY.49,2.450329065322876,58.79873275756836
AY.5,2.788557291030884,13615.0927734375
AY.5.1,2.79884672164917,14.63751220703125
AY.5.2,2.8012871742248535,866.6060180664062
AY.5.3,2.803670883178711,13.235384941101074
AY.5.4,2.805453062057495,12269.173828125
AY.5.5,2.7988440990448,319.67584228515625
AY.5.6,2.8014204502105713,4307.25634765625
AY.50,2.4643402099609375,333.536376953125
AY.51,2.695791482925415,282.5549011230469
AY.52,2.4493565559387207,8.409019470214844
AY.53,2.449803352355957,4466.38720703125
AY.54,2.4921858310699463,220.56642150878906
AY.55,2.5611586570739746,202.50950622558594
AY.56,2.570728302001953,50.09649658203125
AY.57,2.7427337169647217,41733.69921875
AY.58,2.563239097595215,66.10517120361328
AY.59,2.566075086593628,11490.6376953125
AY.6,2.8143656253814697,4532.75537109375
AY.60,2.6332688331604004,943.9431762695312
AY.61,2.564570665359497,115.4219741821289
AY.62,2.5711703300476074,107.95603942871094
AY.63,2.5633628368377686,1096.6676025390625
AY.64,2.6136653423309326,28.836252212524414
AY.65,2.6476423740386963,1769.4381103515625
AY.66,2.562352418899536,2487.906005859375
AY.67,2.5624566078186035,44.006019592285156
AY.68,2.5592644214630127,21989.544921875
AY.69,2.5790438652038574,617.7785034179688
AY.7,2.7795052528381348,231.98629760742188
AY.7.1,2.7822868824005127,1176.3961181640625
AY.7.2,2.7794294357299805,604.25
AY.70,2.5458498001098633,5951.35205078125
AY.71,2.5630810260772705,1352.3272705078125
AY.72,2.8160691261291504,1131.8453369140625
AY.73,2.8009588718414307,3116.650146484375
AY.74,2.6102511882781982,489.8466491699219
AY.75,2.601651191711426,5523.69140625
AY.75.2,2.562683582305908,1127.490234375
AY.75.3,2.5631163120269775,74.07970428466797
AY.76,2.8144702911376953,998.4822998046875
AY.77,2.766789674758911,5.664803504943848
AY.78,2.8123161792755127,46.78859329223633
AY.79,2.816770553588867,7123.03466796875
AY.8,2.450167655944824,5.2442402839660645
AY.80,2.815011739730835,17.90660858154297
AY.81,2.8107056617736816,1.7740522623062134
AY.82,2.8125059604644775,20310.275390625
AY.83,2.814492702484131,6.376096248626709
AY.84,2.8210604190826416,505.35870361328125
AY.85,2.834662914276123,55408.6015625
AY.86,2.8144545555114746,220.1024932861328
AY.87,2.8137028217315674,57.38642120361328
AY.88,2.949737548828125,475.75006103515625
AY.9,2.643836498260498,3989.58154296875
AY.9.2,2.8130228519439697,29105.822265625
AY.9.2.1,2.7763912677764893,46.603816986083984
AY.9.2.2,2.8177359104156494,85.56206512451172
AY.90,2.8135440349578857,27.90385627746582
AY.91,2.8878026008605957,1721.046875
AY.91.1,2.8887479305267334,23.828699111938477
AY.92,2.8762881755828857,3743.976806640625
AY.93,2.81322979927063,217.05715942382812
AY.94,2.7837064266204834,1192.6744384765625
AY.95,2.693563461303711,1118.840087890625
AY.98,2.900928020477295,2600.08447265625
AY.98.1,2.850554943084717,11964.548828125
AY.98.1.1,2.8512003421783447,18.551179885864258
AY.99,2.8126561641693115,132.4009552001953
AY.99.1,2.816617250442505,2167.788330078125
AY.99.2,2.8502142429351807,5769.78515625
AZ.1,1.7737306356430054,21.725482940673828
AZ.2,1.8898710012435913,2240.432373046875
AZ.2.1,1.8890429735183716,389.9405822753906
AZ.3,1.7733616828918457,24.649709701538086
AZ.4,1.7408519983291626,117.14444732666016
AZ.5,1.7459986209869385,6656.5771484375
AZ.6,1.7730454206466675,0.5319710969924927
B,0.9730892777442932,22898.583984375
B.1,1.237667202949524,389736.5
B.1.1,1.3734431266784668,276348.875
B.1.1.1,1.1256128549575806,21818.224609375
B.1.1.10,1.1235854625701904,1010.5115966796875
B.1.1.100,1.138480544090271,2.1023008823394775
B.1.1.101,1.2211350202560425,89.90571594238281
B.1.1.107,1.1257246732711792,0.5416847467422485
B.1.1.109,1.1258423328399658,0.531377911567688
B.1.1.110,1.1259570121765137,12.86463737487793
B.1.1.111,1.153795599937439,447.8145446777344
B.1.1.112,1.1258846521377563,5.030186176300049
B.1.1.113,1.1253716945648193,89.09388732910156
B.1.1.114,1.1258275508880615,0.32720836997032166
B.1.1.115,1.1258293390274048,1.0393362045288086
B.1.1.116,1.1257641315460205,0.611640453338623
B.1.1.117,1.1259163618087769,29.749542236328125
B.1.1.118,1.1257202625274658,73.77265930175781
B.1.1.119,1.1391083002090454,0.3978031575679779
B.1.1.12,1.1258161067962646,20.982257843017578
B.1.1.120,1.1260706186294556,0.5061046481132507
B.1.1.121,1.1258944272994995,50.17327117919922
B.1.1.122,1.1259429454803467,3.0811522006988525
B.1.1.123,1.128073811531067,0.736856997013092
B.1.1.125,1.1258007287979126,1.0446773767471313
B.1.1.127,1.1259537935256958,0.6528783440589905
B.1.1.128,1.1216144561767578,12.058115005493164
B.1.1.129,1.125993013381958,7.358340263366699
B.1.1.13,1.1258220672607422,0.4681643843650818
B.1.1.130,1.135338306427002,0.6023553609848022
B.1.1.132,1.1259032487869263,0.3337182104587555
B.1.1.133,1.1264147758483887,16.23105812072754
B.1.1.134,1.1418544054031372,1.6019755601882935
B.1.1.135,1.101467490196228,43.538875579833984
B.1.1.136,1.17402982711792,0.23306001722812653
B.1.1.137,1.1256898641586304,1.112890601158142
B.1.1.138,1.1259088516235352,1.2069718837738037
B.1.1.139,1.125911831855774,0.33191436529159546
B.1.1.14,1.1257836818695068,0.5956069231033325
B.1.1.141,1.139247179031372,1144.9300537109375
B.1.1.142,0.9360132813453674,7312.9853515625
B.1.1.144,1.1259124279022217,36.87581253051758
B.1.1.145,1.1255228519439697,0.47869184613227844
B.1.1.147,1.1256577968597412,0.4197522699832916
B.1.1.148,1.1258008480072021,7.94757604598999
B.1.1.149,1.1258717775344849,0.8809918165206909
B.1.1.15,1.125591516494751,0.7749620676040649
B.1.1.152,1.1398762464523315,37.800628662109375
B.1.1.153,1.1715158224105835,6222.9482421875
B.1.1.154,1.125780463218689,0.5769502520561218
B.1.1.155,1.125860571861267,0.4139132797718048
B.1.1.157,1.1260188817977905,1638.064697265625
B.1.1.158,1.1725239753723145,15.34426212310791
B.1.1.159,1.1598405838012695,1120.0848388671875
B.1.1.16,1.1260278224945068,0.32669591903686523
B.1.1.160,1.1018421649932861,0.4067750573158264
B.1.1.161,1.0337966680526733,27.7020206451416
B.1.1.162,1.1258442401885986,120.49248504638672
B.1.1.163,1.1262731552124023,15277.6611328125
B.1.1.164,1.12541663646698,98.50554656982422
B.1.1.165,1.1222214698791504,0.58713299036026
B.1.1.166,1.1258171796798706,0.567043125629425
B.1.1.168,1.125693917274475,2.4022738933563232
B.1.1.169,1.1258964538574219,4.083996772766113
B.1.1.17,0.9375835061073303,21.020736694335938
B.1.1.170,1.1268322467803955,17997.45703125
B.1.1.171,1.125689148902893,132.08932495117188
B.1.1.172,1.1258423328399658,0.4707946181297302
B.1.1.174,1.169994831085205,32.306640625
B.1.1.175,1.1260353326797485,20.19854164123535
B.1.1.176,1.1635774374008179,3046.770263671875
B.1.1.177,1.1258962154388428,2.003539800643921
B.1.1.178,1.1396610736846924,0.4387837052345276
B.1.1.180,1.1258983612060547,0.6861243844032288
B.1.1.181,1.1258643865585327,2.86482310295105
B.1.1.182,1.1768951416015625,0.29015374183654785
B.1.1.185,1.125927448272705,1.6056047677993774
B.1.1.186,1.1451475620269775,13.358474731445312
B.1.1.187,1.1257110834121704,164.7526092529297
B.1.1.189,1.1263798475265503,2040.115234375
B.1.1.190,1.0863286256790161,0.4755454957485199
B.1.1.191,1.1279851198196411,20.41925048828125
B.1.1.192,1.1256911754608154,69.34830474853516
B.1.1.193,1.126529335975647,0.35306137800216675
B.1.1.194,1.1454405784606934,2.1938436031341553
B.1.1.196,1.125838041305542,0.8139641880989075
B.1.1.197,1.1257015466690063,0.5180153250694275
B.1.1.198,1.125777006149292,289.5713195800781
B.1.1.200,1.1256533861160278,15.086860656738281
B.1.1.201,1.1259554624557495,91.89176177978516
B.1.1.202,1.1321061849594116,44.20358657836914
B.1.1.203,1.1257399320602417,0.48647192120552063
B.1.1.204,1.126634120941162,433.4586486816406
B.1.1.205,1.125995397567749,0.6896232962608337
B.1.1.207,1.2260483503341675,296.8050231933594
B.1.1.208,1.1258093118667603,0.8979307413101196
B.1.1.209,1.125820279121399,200.52609252929688
B.1.1.210,1.1258918046951294,35.961936950683594
B.1.1.213,1.125815987586975,0.6618039011955261
B.1.1.214,1.20574152469635,12846.2421875
B.1.1.216,1.1766704320907593,2315.943603515625
B.1.1.217,1.1257981061935425,871.4176025390625
B.1.1.218,1.1252881288528442,2171.17041015625
B.1.1.219,1.2281793355941772,63.39958953857422
B.1.1.220,1.1256489753723145,11.74379825592041
B.1.1.221,1.1258028745651245,789.6907958984375
B.1.1.222,1.212733268737793,2723.60595703125
B.1.1.224,1.151796579360962,2.2746081352233887
B.1.1.225,1.1061286926269531,905.8546142578125
B.1.1.226,1.1262540817260742,9.597291946411133
B.1.1.227,1.125661849975586,1.9961649179458618
B.1.1.228,1.1256215572357178,17.986099243164062
B.1.1.229,1.1350023746490479,785.5740966796875
B.1.1.231,1.1256223917007446,651.9933471679688
B.1.1.232,1.1252018213272095,3887.42626953125
B.1.1.234,1.1211491823196411,19.095651626586914
B.1.1.236,1.126702904701233,0.5777258276939392
B.1.1.237,1.1256686449050903,0.3827460706233978
B.1.1.239,1.125917911529541,0.3322198688983917
B.1.1.240,1.1465561389923096,27.184572219848633
B.1.1.241,1.2039514780044556,350.360107421875
B.1.1.242,1.1484085321426392,6.218367099761963
B.1.1.243,1.1267273426055908,1248.3739013671875
B.1.1.244,1.1260188817977905,106.1752700805664
B.1.1.249,1.1259158849716187,0.3269617557525635
B.1.1.25,1.12704336643219,8844.994140625
B.1.1.251,1.12595796585083,19.547075271606445
B.1.1.253,1.1257699728012085,5.690823078155518
B.1.1.254,1.12532377243042,34.38816452026367
B.1.1.255,1.1262524127960205,2.3914153575897217
B.1.1.256,1.1657564640045166,0.8744544982910156
B.1.1.257,0.9373804926872253,21.573862075805664
B.1.1.258,1.1264020204544067,10.89051342010498
B.1.1.26,1.1257996559143066,1.5594971179962158
B.1.1.261,1.2027634382247925,356.52215576171875
B.1.1.262,1.1257904767990112,0.7436373829841614
B.1.1.263,1.1049813032150269,4532.8583984375
B.1.1.266,1.1253547668457031,840.9591064453125
B.1.1.267,1.0863758325576782,29.800504684448242
B.1.1.268,1.125809907913208,3.4119791984558105
B.1.1.269,1.0870333909988403,1092.5677490234375
B.1.1.27,1.1187536716461182,433.9425354003906
B.1.1.270,1.125653624534607,1.2935459613800049
B.1.1.271,1.1137011051177979,223.00621032714844
B.1.1.272,1.2108620405197144,65.74652862548828
B.1.1.273,1.1259872913360596,0.837162971496582
B.1.1.274,1.1260324716567993,1780.219970703125
B.1.1.275,1.125543475151062,2363.561279296875
B.1.1.277,1.1252063512802124,5140.87451171875
B.1.1.279,1.125717282295227,3.4284701347351074
B.1.1.280,1.1364995241165161,4945.6435546875
B.1.1.282,1.1387825012207031,130.48988342285156
B.1.1.283,1.121970534324646,253.9265594482422
B.1.1.284,1.106165885925293,12377.8681640625
B.1.1.285,1.125025987625122,99.00135040283203
B.1.1.286,1.179086685180664,1.61549973487854
B.1.1.288,1.132551670074463,41.72453689575195
B.1.1.289,1.17903733253479,0.3634636402130127
B.1.1.29,1.1259169578552246,0.32692426443099976
B.1.1.290,1.1258862018585205,0.43414363265037537
B.1.1.291,1.1255916357040405,53.36104965209961
B.1.1.294,1.1146658658981323,3328.9765625
B.1.1.296,1.1325230598449707,0.825555145740509
B.1.1.297,1.1266337633132935,2945.822509765625
B.1.1.298,1.1256396770477295,36.0807991027832
B.1.1.299,1.1186214685440063,0.9665715098381042
B.1.1.3,1.125657320022583,1.2547376155853271
B.1.1.30,1.1267892122268677,32.39277267456055
B.1.1.300,1.1185839176177979,1.0598008632659912
B.1.1.301,1.118597388267517,167.2318572998047
B.1.1.302,1.1259187459945679,2076.74267578125
B.1.1.303,1.1843267679214478,1.762770652770996
B.1.1.304,1.1280303001403809,72.55603790283203
B.1.1.305,1.1559574604034424,358.5832214355469
B.1.1.306,1.126402497291565,1345.2117919921875
B.1.1.307,1.1261401176452637,58.07958984375
B.1.1.308,1.1259303092956543,0.6718980073928833
B.1.1.309,1.1258747577667236,1.1657464504241943
B.1.1.310,1.125973105430603,0.37208691239356995
B.1.1.311,1.131170630455017,827.2650146484375
B.1.1.312,1.1264350414276123,1046.85400390625
B.1.1.315,1.1783944368362427,101.39376068115234
B.1.1.316,1.1561630964279175,161.0168914794922
B.1.1.317,1.2275155782699585,7259.9794921875
B.1.1.318,1.7732720375061035,2935.715576171875
B.1.1.320,1.1260019540786743,3.468165159225464
B.1.1.322,1.1887553930282593,61.91682815551758
B.1.1.323,0.9372303485870361,251.2869415283203
B.1.1.324,1.1585979461669922,95.18898010253906
B.1.1.325,1.1259112358093262,66.11431121826172
B.1.1.326,1.1256593465805054,130.03268432617188
B.1.1.327,1.158543586730957,0.569301962852478
B.1.1.328,1.1266995668411255,501.8954772949219
B.1.1.329,1.1387115716934204,259.26385498046875
B.1.1.33,1.1207767724990845,23404.861328125
B.1.1.330,1.1366186141967773,39.00661087036133
B.1.1.331,1.125679612159729,233.95999145507812
B.1.1.332,1.2459959983825684,80.01348876953125
B.1.1.333,1.1714568138122559,1361.4136962890625
B.1.1.336,1.2535357475280762,265.72735595703125
B.1.1.337,1.1273181438446045,66.63792419433594
B.1.1.338,1.2534570693969727,68.30681610107422
B.1.1.339,1.1736271381378174,2.4641380310058594
B.1.1.34,1.1264269351959229,85.73103332519531
B.1.1.341,1.2059431076049805,0.22900895774364471
B.1.1.342,1.1258686780929565,0.9039626717567444
B.1.1.343,1.1365342140197754,0.47734561562538147
B.1.1.344,1.125680685043335,132.39585876464844
B.1.1.345,1.2963528633117676,0.1623554229736328
B.1.1.346,1.125449538230896,1.2676608562469482
B.1.1.347,1.126165509223938,69.5657730102539
B.1.1.348,1.3619197607040405,4432.01513671875
B.1.1.349,1.1386793851852417,881.4873046875
B.1.1.350,1.1259633302688599,274.0788879394531
B.1.1.351,1.1998995542526245,2053.76416015625
B.1.1.352,1.1258996725082397,0.474985808134079
B.1.1.353,1.159183382987976,61.40386199951172
B.1.1.354,1.1589487791061401,1409.8857421875
B.1.1.355,1.1391059160232544,59.26540756225586
B.1.1.356,1.1258783340454102,4.398833274841309
B.1.1.357,1.1763050556182861,0.5822170376777649
B.1.1.358,1.1214399337768555,0.34001484513282776
B.1.1.359,1.126012921333313,155.01451110839844
B.1.1.360,1.125723958015442,0.32743749022483826
B.1.1.361,1.1259125471115112,0.5033860802650452
B.1.1.362,1.1260942220687866,44.05592727661133
B.1.1.363,1.1256335973739624,0.40665313601493835
B.1.1.364,1.1259183883666992,2.8192670345306396
B.1.1.365,1.1256626844406128,1.7739924192428589
B.1.1.366,1.1132436990737915,15.141871452331543
B.1.1.367,1.1257482767105103,41.44572830200195
B.1.1.368,1.1782060861587524,612.2651977539062
B.1.1.369,1.1064386367797852,332.28125
B.1.1.37,1.1259616613388062,1642.0240478515625
B.1.1.371,1.0999828577041626,166.2888946533203
B.1.1.372,1.1193976402282715,1362.0391845703125
B.1.1.373,1.1217833757400513,1633.077880859375
B.1.1.374,1.4240946769714355,549.1868286132812
B.1.1.375,1.1616579294204712,628.0748901367188
B.1.1.376,1.1257092952728271,3.532897472381592
B.1.1.377,1.126133918762207,18.16250228881836
B.1.1.378,1.1256206035614014,6.366547584533691
B.1.1.379,1.1256381273269653,0.32773450016975403
B.1.1.38,1.0969183444976807,0.43168169260025024
B.1.1.380,1.1257256269454956,7.694151878356934
B.1.1.381,1.1261329650878906,8046.14111328125
B.1.1.382,1.1266227960586548,32.282779693603516
B.1.1.383,1.1260716915130615,16.904911041259766
B.1.1.384,1.1799625158309937,10.10560131072998
B.1.1.385,1.168962836265564,144.06520080566406
B.1.1.386,1.1258676052093506,6.462235927581787
B.1.1.387,1.1449276208877563,6.175449371337891
B.1.1.388,1.1841413974761963,107.44193267822266
B.1.1.389,1.159475564956665,790.09423828125
B.1.1.39,1.1266835927963257,4361.72509765625
B.1.1.391,1.1258535385131836,15.059260368347168
B.1.1.392,1.1019386053085327,3.6164772510528564
B.1.1.393,1.346157193183899,2.5808022022247314
B.1.1.394,1.1879894733428955,10.984247207641602
B.1.1.395,1.1372066736221313,0.4221343398094177
B.1.1.396,1.136662483215332,2390.49658203125
B.1.1.397,1.2396488189697266,2522.941162109375
B.1.1.398,1.1260143518447876,2130.184326171875
B.1.1.399,1.1259435415267944,114.18199157714844
B.1.1.4,1.1256600618362427,3.005476236343384
B.1.1.40,1.1259689331054688,30.010953903198242
B.1.1.400,1.1417434215545654,6.415635108947754
B.1.1.401,1.1605068445205688,4.241077899932861
B.1.1.402,1.125846028327942,3.5659091472625732
B.1.1.403,1.1258630752563477,1.4020605087280273
B.1.1.404,1.1265581846237183,980.7158203125
B.1.1.405,1.1646475791931152,0.6609408259391785
B.1.1.406,1.1262720823287964,136.4652862548828
B.1.1.407,1.1261229515075684,279.7514953613281
B.1.1.408,1.131811261177063,0.4298458993434906
B.1.1.41,1.1257896423339844,1.6568256616592407
B.1.1.412,1.126107931137085,1.4732266664505005
B.1.1.413,1.2604080438613892,168.45433044433594
B.1.1.414,1.139318585395813,0.6470285058021545
B.1.1.415,1.1262104511260986,27.78022575378418
B.1.1.416,1.1484476327896118,76.62731170654297
B.1.1.417,1.1625057458877563,3.622661828994751
B.1.1.418,1.1704193353652954,0.3003346025943756
B.1.1.420,1.308670997619629,3060.629150390625
B.1.1.421,1.1282864809036255,6.636363983154297
B.1.1.422,1.0462013483047485,15.481072425842285
B.1.1.423,1.14092218875885,0.28946733474731445
B.1.1.424,1.1260613203048706,599.1104125976562
B.1.1.425,1.1941094398498535,0.34888580441474915
B.1.1.426,1.125772476196289,3.134908437728882
B.1.1.427,1.1280726194381714,11.062950134277344
B.1.1.428,1.1766384840011597,1956.938720703125
B.1.1.429,1.1761081218719482,351.2807312011719
B.1.1.43,1.1256762742996216,0.7066298127174377
B.1.1.430,1.1260128021240234,50.788169860839844
B.1.1.431,1.1256868839263916,3.2705748081207275
B.1.1.432,1.1264708042144775,439.48291015625
B.1.1.433,1.2288649082183838,7.600864410400391
B.1.1.434,1.156359314918518,10247.513671875
B.1.1.435,1.1240054368972778,1055.055908203125
B.1.1.436,1.1258139610290527,370.8389587402344
B.1.1.437,1.125661849975586,63.559906005859375
B.1.1.438,1.1258294582366943,1186.098388671875
B.1.1.44,1.1180593967437744,1.470589280128479
B.1.1.440,1.1258989572525024,19.656719207763672
B.1.1.441,1.1257615089416504,0.402420312166214
B.1.1.442,1.1260887384414673,4887.67822265625
B.1.1.444,1.1260952949523926,0.3346986174583435
B.1.1.445,1.2252449989318848,3.3951337337493896
B.1.1.446,1.163884162902832,0.37040892243385315
B.1.1.447,1.1258578300476074,3.451707124710083
B.1.1.448,1.1259098052978516,235.7216339111328
B.1.1.449,1.1341214179992676,3.1997737884521484
B.1.1.45,1.1708320379257202,0.6717339158058167
B.1.1.450,1.1254546642303467,0.3284725248813629
B.1.1.451,1.1317013502120972,180.87367248535156
B.1.1.452,1.1364938020706177,1.3376306295394897
B.1.1.453,1.1263784170150757,35.227500915527344
B.1.1.456,1.1261540651321411,0.346175879240036
B.1.1.458,1.1537621021270752,48.187408447265625
B.1.1.459,1.1257524490356445,93.7610855102539
B.1.1.46,1.1297607421875,3751.02490234375
B.1.1.461,1.1266177892684937,27.273839950561523
B.1.1.462,1.1258611679077148,5.084803581237793
B.1.1.463,1.12590754032135,0.32707110047340393
B.1.1.464,1.1256396770477295,32.94971466064453
B.1.1.465,1.106951117515564,246.54736328125
B.1.1.466,1.1138838529586792,2.296238422393799
B.1.1.467,1.1235805749893188,151.3216094970703
B.1.1.47,1.1254982948303223,508.2724304199219
B.1.1.48,1.0251609086990356,1399.6966552734375
B.1.1.480,1.1258351802825928,0.4261140823364258
B.1.1.481,1.1260305643081665,43.718265533447266
B.1.1.482,1.1259981393814087,2.0124754905700684
B.1.1.483,1.263848066329956,1.7605642080307007
B.1.1.484,1.125970721244812,15.621230125427246
B.1.1.485,1.125873327255249,857.1354370117188
B.1.1.486,1.241931676864624,50.423919677734375
B.1.1.487,1.216091275215149,278.54168701171875
B.1.1.49,1.1257214546203613,0.32742640376091003
B.1.1.5,1.125132441520691,1405.5528564453125
B.1.1.50,1.1262943744659424,3978.079345703125
B.1.1.500,1.1259853839874268,12.173218727111816
B.1.1.506,1.1267445087432861,200.09548950195312
B.1.1.507,1.1258234977722168,68.50157165527344
B.1.1.51,1.138157606124878,3.0510008335113525
B.1.1.512,1.1261459589004517,12.426129341125488
B.1.1.513,1.1186623573303223,0.9635738730430603
B.1.1.514,1.1186603307724,0.37534183263778687
B.1.1.515,1.125798225402832,28.643198013305664
B.1.1.516,1.1260664463043213,255.50405883789062
B.1.1.517,1.1565121412277222,37.84421157836914
B.1.1.518,1.1438665390014648,2.7132675647735596
B.1.1.519,1.4924099445343018,7797.0771484375
B.1.1.521,1.1705904006958008,250.0746612548828
B.1.1.522,1.3003424406051636,1260.1051025390625
B.1.1.523,1.7158620357513428,1377.6405029296875
B.1.1.524,1.628272533416748,203.6621856689453
B.1.1.525,1.3557246923446655,424.8999328613281
B.1.1.526,1.2224699258804321,18.019237518310547
B.1.1.528,1.3371998071670532,156.9663543701172
B.1.1.529,7.166568756103516,564.9382934570312
B.1.1.53,1.1258294582366943,76.64204406738281
B.1.1.54,1.1257028579711914,2222.95751953125
B.1.1.55,1.125577449798584,1.086174726486206
B.1.1.56,1.1358460187911987,0.3440515697002411
B.1.1.57,1.1257407665252686,36.01606369018555
B.1.1.58,1.126069188117981,122.28224182128906
B.1.1.59,1.1256616115570068,1.4123417139053345
B.1.1.61,1.1253691911697388,15.87541389465332
B.1.1.62,1.177253246307373,3.3186018466949463
B.1.1.63,1.1477528810501099,6231.68603515625
B.1.1.67,1.1395952701568604,1.1777995824813843
B.1.1.7,1.7233633995056152,685753.9375
B.1.1.70,1.119368076324463,30523.638671875
B.1.1.71,1.124752402305603,191.20179748535156
B.1.1.72,1.125880241394043,6.626584529876709
B.1.1.74,1.1265088319778442,101.30320739746094
B.1.1.75,1.125364065170288,1537.8963623046875
B.1.1.77,1.1831637620925903,0.4253959059715271
B.1.1.8,1.1251130104064941,2.9430432319641113
B.1.1.82,1.1258676052093506,0.32705822587013245
B.1.1.83,1.1259071826934814,334.9213562011719
B.1.1.84,1.126809000968933,0.3497715890407562
B.1.1.86,1.1876025199890137,0.40932801365852356
B.1.1.87,1.133705735206604,91.9856185913086
B.1.1.88,1.1260647773742676,3.421400547027588
B.1.1.89,1.1253790855407715,19.96988296508789
B.1.1.90,1.1259618997573853,6.7560834884643555
B.1.1.91,1.1259078979492188,5.840561866760254
B.1.1.92,1.1258389949798584,0.5539774298667908
B.1.1.93,1.1257257461547852,0.7991967797279358
B.1.1.95,1.1257516145706177,5.231446266174316
B.1.1.97,1.227828025817871,0.34976235032081604
B.1.1.98,1.180721640586853,0.4159538447856903
B.1.1.99,1.1259583234786987,8.955846786499023
B.1.103,1.1034488677978516,14.314964294433594
B.1.104,1.0293450355529785,11.512619018554688
B.1.105,1.1033076047897339,2.5332093238830566
B.1.106,1.1036847829818726,0.4185169041156769
B.1.108,1.0712379217147827,77.2441635131836
B.1.110,1.0993176698684692,1910.1763916015625
B.1.110.1,1.100111484527588,46.81887435913086
B.1.110.2,1.0998622179031372,0.4675661623477936
B.1.110.3,1.101783037185669,453.1864318847656
B.1.111,1.1015982627868652,6268.0712890625
B.1.112,1.09977126121521,0.6655969619750977
B.1.113,1.1136126518249512,1.2672373056411743
B.1.115,1.0713447332382202,589.7171020507812
B.1.116,1.126198649406433,46.731536865234375
B.1.117,1.0715868473052979,1.292664647102356
B.1.118,1.071318507194519,36.05244064331055
B.1.12,1.0516350269317627,189.27468872070312
B.1.120,1.0714921951293945,0.5597918629646301
B.1.124,1.0997735261917114,7.744370460510254
B.1.126,1.1039817333221436,124.41168212890625
B.1.127,1.2611881494522095,11.35887336730957
B.1.128,1.1128060817718506,125.79997253417969
B.1.13,1.0990042686462402,258.2492980957031
B.1.131,1.230541706085205,40.516357421875
B.1.134,1.1034306287765503,91.44351959228516
B.1.137,1.103614330291748,0.520370364189148
B.1.139,1.160868525505066,41.25547409057617
B.1.14,0.9413659572601318,25.685211181640625
B.1.140,1.1128613948822021,0.5008799433708191
B.1.142,1.103298306465149,0.9240494966506958
B.1.143,1.1036683320999146,79.50773620605469
B.1.145,1.103791356086731,24.964183807373047
B.1.146,1.1263245344161987,155.13099670410156
B.1.147,1.102707028388977,1431.1002197265625
B.1.151,1.1027154922485352,212.4049530029297
B.1.153,1.1028937101364136,937.9441528320312
B.1.157,1.1022135019302368,337.6235656738281
B.1.158,1.1000410318374634,72.262939453125
B.1.159,1.0998990535736084,223.1698455810547
B.1.160,1.2088290452957153,92053.359375
B.1.160.10,1.211908221244812,62.166343688964844
B.1.160.11,1.21519136428833,24.80842399597168
B.1.160.12,1.301688551902771,18.63507652282715
B.1.160.13,1.2150318622589111,1.174481987953186
B.1.160.15,1.2148685455322266,59.04166793823242
B.1.160.17,1.2146174907684326,20.476226806640625
B.1.160.18,1.2147103548049927,472.02337646484375
B.1.160.19,1.2358838319778442,3.0956578254699707
B.1.160.20,1.2145836353302002,39.03826141357422
B.1.160.21,1.3448357582092285,5.185364723205566
B.1.160.22,1.1758030652999878,104.17817687988281
B.1.160.23,1.1770472526550293,0.7857977151870728
B.1.160.24,1.2151316404342651,3.475088119506836
B.1.160.25,1.2153027057647705,181.8406524658203
B.1.160.26,1.257675290107727,120.15185546875
B.1.160.27,1.2148005962371826,11.117323875427246
B.1.160.28,1.215014100074768,203.96519470214844
B.1.160.29,1.2156386375427246,108.62531280517578
B.1.160.30,1.2168067693710327,4014.71533203125
B.1.160.31,1.2251795530319214,13.191903114318848
B.1.160.32,1.2146962881088257,35.877620697021484
B.1.160.33,1.2743161916732788,0.5850505828857422
B.1.160.7,1.2742444276809692,1.0751280784606934
B.1.160.8,1.2148125171661377,21.089130401611328
B.1.160.9,1.2456469535827637,196.33790588378906
B.1.161,1.0999675989151,57.0379524230957
B.1.162,1.0995572805404663,4.451735019683838
B.1.163,1.0997519493103027,10.780489921569824
B.1.164,1.1002036333084106,1208.226318359375
B.1.165,1.1176296472549438,0.8869384527206421
B.1.166,1.0715099573135376,0.6337651610374451
B.1.167,1.0715504884719849,1.6612995862960815
B.1.168,1.0717624425888062,0.7526397705078125
B.1.170,1.1337931156158447,53.92621612548828
B.1.173,1.1258156299591064,0.789662778377533
B.1.177,1.2271454334259033,53604.09765625
B.1.177.10,1.2135729789733887,283.9623718261719
B.1.177.11,1.2483890056610107,3.0043275356292725
B.1.177.12,1.2323572635650635,85.60916900634766
B.1.177.14,1.2113100290298462,31.48573112487793
B.1.177.15,1.3163310289382935,3.7635462284088135
B.1.177.16,1.2140705585479736,21.359582901000977
B.1.177.17,1.2138060331344604,5.62247371673584
B.1.177.18,1.2320082187652588,13.287455558776855
B.1.177.19,1.2138762474060059,3.351743698120117
B.1.177.2,1.2137409448623657,41.95818328857422
B.1.177.20,1.2139372825622559,28.773210525512695
B.1.177.21,1.2138264179229736,888.1246948242188
B.1.177.23,1.2079005241394043,524.0330200195312
B.1.177.24,1.2135224342346191,46.755592346191406
B.1.177.25,1.2136716842651367,3.551532030105591
B.1.177.26,1.21403169631958,0.4262847900390625
B.1.177.27,1.2533447742462158,1.1060874462127686
B.1.177.28,1.221598744392395,18.058210372924805
B.1.177.29,1.213865041732788,0.6737147569656372
B.1.177.3,1.2138086557388306,0.20356714725494385
B.1.177.30,1.2487924098968506,0.677409827709198
B.1.177.31,1.1747912168502808,7.05181884765625
B.1.177.32,1.2143820524215698,1546.1531982421875
B.1.177.33,1.2132034301757812,875.2752075195312
B.1.177.34,1.2139215469360352,0.8396750092506409
B.1.177.35,1.2138731479644775,822.6947021484375
B.1.177.36,1.213651180267334,2.548560857772827
B.1.177.37,1.2700283527374268,38.56101608276367
B.1.177.38,1.2138078212738037,74.7553939819336
B.1.177.39,1.214016079902649,433.4683532714844
B.1.177.4,1.2138407230377197,41.007179260253906
B.1.177.40,1.2137343883514404,510.40704345703125
B.1.177.41,1.2135393619537354,25.696916580200195
B.1.177.42,1.2138360738754272,22.56064796447754
B.1.177.43,1.2138750553131104,313.8775939941406
B.1.177.44,1.2134448289871216,722.5267333984375
B.1.177.45,1.2403154373168945,247.62098693847656
B.1.177.46,1.2616502046585083,43.727542877197266
B.1.177.47,1.2587652206420898,0.23439833521842957
B.1.177.48,1.2586768865585327,0.6766192317008972
B.1.177.49,1.2252366542816162,4.5207648277282715
B.1.177.5,1.2598578929901123,2.448444366455078
B.1.177.50,1.213719367980957,18.71261215209961
B.1.177.51,1.2213385105133057,1901.4892578125
B.1.177.52,1.2649767398834229,575.5175170898438
B.1.177.53,1.220394492149353,521.1732788085938
B.1.177.54,1.2138079404830933,2022.6749267578125
B.1.177.55,1.2135707139968872,232.79661560058594
B.1.177.56,1.205701231956482,594.4542846679688
B.1.177.57,1.2056314945220947,99.1683349609375
B.1.177.58,1.2590962648391724,273.2803649902344
B.1.177.59,1.2587525844573975,445.00225830078125
B.1.177.6,1.2587295770645142,23.4244441986084
B.1.177.60,1.2696672677993774,9235.9677734375
B.1.177.61,1.2712031602859497,23.975008010864258
B.1.177.62,1.2894359827041626,343.79046630859375
B.1.177.63,1.2588098049163818,0.1522459089756012
B.1.177.64,1.2585963010787964,32.667198181152344
B.1.177.65,1.258711576461792,0.30884960293769836
B.1.177.66,1.2648428678512573,53.550838470458984
B.1.177.67,1.259464144706726,1116.5487060546875
B.1.177.68,1.258832335472107,612.6923828125
B.1.177.69,1.212032675743103,8.064071655273438
B.1.177.7,1.2583431005477905,472.7738952636719
B.1.177.70,1.2138148546218872,4.553707599639893
B.1.177.71,1.2139301300048828,10.279478073120117
B.1.177.72,1.2698321342468262,142.24375915527344
B.1.177.73,1.2197717428207397,2733.462158203125
B.1.177.74,1.2140517234802246,6.920882225036621
B.1.177.75,1.214147686958313,1789.461181640625
B.1.177.76,1.2220609188079834,14.271644592285156
B.1.177.77,1.214242696762085,21936.560546875
B.1.177.78,1.2503548860549927,6.65075159072876
B.1.177.8,1.2586349248886108,15.964723587036133
B.1.177.80,1.2588077783584595,89.09868621826172
B.1.177.81,1.2148826122283936,8575.0458984375
B.1.177.82,1.2602992057800293,528.6314697265625
B.1.177.83,1.2131816148757935,2758.587158203125
B.1.177.84,1.2487413883209229,0.47390979528427124
B.1.177.85,1.2141145467758179,21.228206634521484
B.1.177.86,1.2627688646316528,982.9926147460938
B.1.177.87,1.212990164756775,32.309200286865234
B.1.177.88,1.251037359237671,1.5138963460922241
B.1.177.89,1.2220828533172607,47.325828552246094
B.1.177.9,1.2486308813095093,1.5155222415924072
B.1.178,1.1036053895950317,170.4324188232422
B.1.179,1.103119134902954,87.69556427001953
B.1.180,1.1036773920059204,10.006714820861816
B.1.181,1.1034839153289795,10.974138259887695
B.1.182,1.103542685508728,515.8632202148438
B.1.184,1.160029649734497,0.385364830493927
B.1.187,1.1168395280838013,1099.47607421875
B.1.188,1.1598070859909058,6.6002726554870605
B.1.189,1.1467013359069824,635.5734252929688
B.1.190,1.103268027305603,23.927597045898438
B.1.192,1.1036845445632935,829.0189819335938
B.1.194,1.1036826372146606,1.2826364040374756
B.1.195,1.1032625436782837,1439.942138671875
B.1.198,1.1035215854644775,0.48248037695884705
B.1.199,1.1035051345825195,7.506018161773682
B.1.2,1.2469600439071655,33704.37890625
B.1.201,1.1031866073608398,3.6201577186584473
B.1.203,1.1041847467422485,1370.921142578125
B.1.205,1.1211979389190674,82.1963119506836
B.1.206,1.10344398021698,112.33539581298828
B.1.208,1.103972315788269,24.217147827148438
B.1.210,1.1034066677093506,546.4325561523438
B.1.211,1.1034064292907715,125.21472930908203
B.1.212,1.1034821271896362,550.72998046875
B.1.213,1.1038000583648682,33.11896896362305
B.1.214,1.1427146196365356,697.0199584960938
B.1.214.1,1.2225557565689087,83.94120025634766
B.1.214.3,1.4785487651824951,675.23095703125
B.1.214.4,1.4986087083816528,1.9297055006027222
B.1.215,1.1035062074661255,0.9819257855415344
B.1.218,1.1408847570419312,167.487548828125
B.1.219,1.1035176515579224,279.2801818847656
B.1.22,1.0990593433380127,1850.6241455078125
B.1.22.1,1.2521430253982544,460.2236022949219
B.1.220,1.1031543016433716,155.46424865722656
B.1.221,1.2172571420669556,57111.1328125
B.1.221.1,1.216538906097412,7.1897993087768555
B.1.221.2,1.217103362083435,31.199054718017578
B.1.221.3,1.2172421216964722,12.250703811645508
B.1.221.4,1.2189840078353882,1331.435791015625
B.1.222,1.1806738376617432,6.599417686462402
B.1.223,1.102662205696106,1384.3895263671875
B.1.224,1.1033847332000732,365.1612243652344
B.1.225,1.1033421754837036,1.913525938987732
B.1.227,1.1036291122436523,22.104846954345703
B.1.229,1.1599524021148682,169.5659637451172
B.1.23,1.1034785509109497,1972.191162109375
B.1.231,1.1598042249679565,0.39862409234046936
B.1.232,1.1458879709243774,105.97223663330078
B.1.233,1.1596101522445679,25.164749145507812
B.1.234,1.1789264678955078,1371.724609375
B.1.235,1.1595728397369385,2.403334856033325
B.1.236,1.1591386795043945,2744.558837890625
B.1.238,1.159766674041748,0.9067310690879822
B.1.239,1.1599864959716797,147.95101928710938
B.1.240,1.1586153507232666,950.2229614257812
B.1.240.1,1.159514307975769,1055.0701904296875
B.1.240.2,1.2872225046157837,0.18631519377231598
B.1.241,1.1600247621536255,327.3190002441406
B.1.242,1.1675506830215454,5.187380313873291
B.1.243,1.2089625597000122,4651.25
B.1.243.1,1.3902496099472046,2.086514472961426
B.1.243.2,2.937675714492798,1.9864071607589722
B.1.245,1.0999470949172974,29.36917495727539
B.1.248,1.029750943183899,1.2055610418319702
B.1.249,1.0296159982681274,1.0817320346832275
B.1.250,1.0307804346084595,4.41814661026001
B.1.251,1.0297070741653442,1.3885189294815063
B.1.252,1.0351121425628662,9.078314781188965
B.1.254,1.0295383930206299,1.1828914880752563
B.1.256,1.1075849533081055,0.697553813457489
B.1.258,1.2135337591171265,47472.6875
B.1.258.10,1.2189462184906006,0.5285566449165344
B.1.258.11,1.1990175247192383,74.1535415649414
B.1.258.12,1.198872685432434,1.5413223505020142
B.1.258.14,1.2605241537094116,14.898161888122559
B.1.258.15,1.1788240671157837,1.559040904045105
B.1.258.16,1.19896399974823,7.548091411590576
B.1.258.17,1.289962887763977,8548.5390625
B.1.258.18,1.1989119052886963,1.6089897155761719
B.1.258.19,1.1991111040115356,0.5906254649162292
B.1.258.2,1.1974704265594482,1901.872314453125
B.1.258.20,1.1993916034698486,472.2422180175781
B.1.258.22,1.1994171142578125,303.90081787109375
B.1.258.23,1.234884262084961,0.17681623995304108
B.1.258.3,1.197985291481018,2.059422016143799
B.1.258.4,1.224959135055542,1.1101837158203125
B.1.258.5,1.2249850034713745,0.47374144196510315
B.1.258.6,1.198987364768982,0.3531184792518616
B.1.258.7,1.1988798379898071,1.9935047626495361
B.1.258.9,1.2651921510696411,23.363679885864258
B.1.263,1.063092827796936,5.41656494140625
B.1.264,1.0567116737365723,5.193819999694824
B.1.264.1,1.1308625936508179,82.82518768310547
B.1.265,1.1203322410583496,257.03729248046875
B.1.267,1.0716493129730225,1607.4273681640625
B.1.268,1.0715715885162354,11.160405158996582
B.1.270,1.1000425815582275,3.356581449508667
B.1.273,1.1478393077850342,17.460590362548828
B.1.274,1.099947214126587,0.44792598485946655
B.1.276,1.0998570919036865,2.628194570541382
B.1.277,1.0998493432998657,202.13218688964844
B.1.279,1.1138373613357544,173.81997680664062
B.1.280,1.1780942678451538,80.28348541259766
B.1.281,1.1000726222991943,239.7561798095703
B.1.282,1.1000059843063354,0.8058550953865051
B.1.284,1.0774115324020386,9.76811695098877
B.1.287,1.0717839002609253,4.19828462600708
B.1.289,1.0716081857681274,2.0675618648529053
B.1.291,1.0718705654144287,570.948486328125
B.1.292,1.1227010488510132,1.570672631263733
B.1.293,1.077622413635254,3.356229066848755
B.1.294,1.0717881917953491,0.975915253162384
B.1.298,1.0742955207824707,482.118408203125
B.1.3,1.0683691501617432,72.01315307617188
B.1.301,1.0772042274475098,150.9326171875
B.1.302,1.0715631246566772,2.4524903297424316
B.1.304,1.0717546939849854,3.5403194427490234
B.1.305,1.0821070671081543,53.32874298095703
B.1.306,1.0722306966781616,72.53404235839844
B.1.308,1.084559679031372,14.491925239562988
B.1.309,1.0677818059921265,1.00806725025177
B.1.310,1.073083519935608,3.9139556884765625
B.1.311,1.172879934310913,480.45587158203125
B.1.313,1.0761829614639282,84.03919982910156
B.1.314,1.0709031820297241,32.782623291015625
B.1.315,1.0713489055633545,178.5033721923828
B.1.316,1.0717248916625977,0.6348344087600708
B.1.318,1.0489708185195923,0.8637666702270508
B.1.319,1.0706596374511719,455.420166015625
B.1.320,1.0708695650100708,457.38665771484375
B.1.321,1.0714198350906372,43.49909210205078
B.1.323,1.0714467763900757,5.373940944671631
B.1.324,1.0723201036453247,209.23043823242188
B.1.325,1.0722966194152832,7.115172386169434
B.1.326,1.0716290473937988,3.321491241455078
B.1.328,1.1415127515792847,11.1292085647583
B.1.329,1.071691870689392,0.717464804649353
B.1.330,1.0715000629425049,8.565201759338379
B.1.332,1.0703914165496826,131.98117065429688
B.1.333,1.0714219808578491,8.973881721496582
B.1.334,1.0717787742614746,1.7909653186798096
B.1.335,1.0716774463653564,5.870972633361816
B.1.336,1.0772746801376343,14.01042652130127
B.1.337,1.1140671968460083,20.32101058959961
B.1.338,1.0716570615768433,0.5836623907089233
B.1.340,1.0716006755828857,50.95880889892578
B.1.341,1.071651816368103,0.639968752861023
B.1.342,1.1487516164779663,5.897388935089111
B.1.343,1.0713814496994019,131.5562286376953
B.1.344,1.0714356899261475,45.482303619384766
B.1.346,1.1722807884216309,2630.965576171875
B.1.348,1.071895718574524,0.5578402280807495
B.1.349,1.160988211631775,173.58352661132812
B.1.35,1.1031242609024048,0.533418595790863
B.1.350,1.071158766746521,9.148884773254395
B.1.350.1,1.0988706350326538,0.45640549063682556
B.1.351,1.608629822731018,107313.4765625
B.1.351.2,1.6479158401489258,12933.171875
B.1.351.3,1.6503664255142212,1327.0391845703125
B.1.351.5,1.7108098268508911,2785.246826171875
B.1.354,1.0716214179992676,5.9496612548828125
B.1.355,1.0714974403381348,15.471623420715332
B.1.356,1.0510790348052979,1643.2322998046875
B.1.357,1.0713177919387817,293.3213806152344
B.1.358,1.0712743997573853,12.910188674926758
B.1.359,1.067629098892212,2.0077316761016846
B.1.36,1.1629080772399902,24047.197265625
B.1.36.1,1.1567896604537964,1458.307373046875
B.1.36.10,1.156137466430664,115.19156646728516
B.1.36.12,1.195807933807373,0.8734641075134277
B.1.36.16,1.156585454940796,49683.2421875
B.1.36.17,1.1687806844711304,23.24972915649414
B.1.36.18,1.169888973236084,1619.222900390625
B.1.36.19,1.1581847667694092,298.64886474609375
B.1.36.2,1.196617841720581,0.3565059006214142
B.1.36.20,1.156037449836731,4.515381336212158
B.1.36.21,1.2572548389434814,454.83892822265625
B.1.36.22,1.1926944255828857,1410.4683837890625
B.1.36.23,1.2803853750228882,1.5964372158050537
B.1.36.24,1.1563825607299805,2.175746440887451
B.1.36.25,1.193172574043274,10.473533630371094
B.1.36.26,1.1667848825454712,150.0146484375
B.1.36.27,1.2213846445083618,167.1670684814453
B.1.36.28,1.1910699605941772,8.730210304260254
B.1.36.29,1.2398416996002197,924.4594116210938
B.1.36.31,1.3648831844329834,219.2838897705078
B.1.36.33,1.1017823219299316,4.21713399887085
B.1.36.34,1.1559669971466064,8.644539833068848
B.1.36.35,1.1574090719223022,970.5333862304688
B.1.36.36,1.1685582399368286,51.0321044921875
B.1.36.37,1.1688873767852783,6.706897258758545
B.1.36.38,1.1688239574432373,293.27984619140625
B.1.36.39,1.2730361223220825,1.3189843893051147
B.1.36.7,1.15702486038208,123.0279541015625
B.1.36.8,1.1559014320373535,734.1216430664062
B.1.36.9,1.21249258518219,0.8721926808357239
B.1.360,1.0715136528015137,28.17543601989746
B.1.361,1.1798244714736938,97.11735534667969
B.1.362,1.1267573833465576,3035.991455078125
B.1.362.1,1.147612452507019,0.3200119435787201
B.1.362.2,1.1262900829315186,77.52299499511719
B.1.363,1.0873714685440063,5.843648433685303
B.1.366,1.0715954303741455,174.5804901123047
B.1.367,1.1117067337036133,1293.189697265625
B.1.369,1.0834769010543823,5665.19091796875
B.1.369.1,1.0649417638778687,2.6636741161346436
B.1.37,1.0998783111572266,17.243749618530273
B.1.370,1.077270269393921,0.5869091153144836
B.1.372,1.070833683013916,52.4039192199707
B.1.375,1.1911497116088867,108.15178680419922
B.1.377,1.1129740476608276,65.93177795410156
B.1.378,1.1288820505142212,12.306206703186035
B.1.379,1.1034290790557861,1.0315320491790771
B.1.38,1.07163405418396,1.4969884157180786
B.1.380,1.1036913394927979,132.24525451660156
B.1.381,1.159862995147705,109.70413970947266
B.1.382,1.1451181173324585,5.253262996673584
B.1.383,1.1028817892074585,43.54739761352539
B.1.384,1.103225588798523,3.8268911838531494
B.1.385,1.0999884605407715,44.612396240234375
B.1.387,1.1037338972091675,33.31248474121094
B.1.388,1.1037832498550415,149.8964080810547
B.1.389,1.15449059009552,657.0492553710938
B.1.39,1.0710903406143188,144.58346557617188
B.1.390,1.1029640436172485,2.189101457595825
B.1.391,1.0289827585220337,76.745849609375
B.1.393,1.1039161682128906,277.24078369140625
B.1.395,1.103063941001892,0.646468460559845
B.1.396,1.1601943969726562,171.7969512939453
B.1.397,1.159417986869812,161.2285614013672
B.1.398,1.1636333465576172,505.4833679199219
B.1.399,1.2423731088638306,31.37479591369629
B.1.40,1.0717008113861084,0.8154152631759644
B.1.400,1.1600452661514282,253.19386291503906
B.1.400.1,1.3359127044677734,0.24775740504264832
B.1.401,1.1592044830322266,49.921180725097656
B.1.402,1.1596434116363525,0.9638459086418152
B.1.403,1.1597869396209717,30.232568740844727
B.1.404,1.2423160076141357,6.277985095977783
B.1.405,1.1596895456314087,30.176782608032227
B.1.407,1.1703258752822876,0.3715825378894806
B.1.408,1.160117268562317,2278.0859375
B.1.409,1.1889218091964722,130.74075317382812
B.1.411,1.1828958988189697,2688.536865234375
B.1.413,1.0707511901855469,199.87692260742188
B.1.415,1.1032932996749878,214.6731414794922
B.1.415.1,2.0239062309265137,5.0961174964904785
B.1.416,1.146955966949463,2431.351318359375
B.1.416.1,1.1470805406570435,513.8480224609375
B.1.417,1.159967303276062,0.2896757423877716
B.1.418,1.103586196899414,0.7531920671463013
B.1.420,1.1039502620697021,859.1001586914062
B.1.421,1.1816385984420776,0.29487207531929016
B.1.422,1.0712400674819946,139.82823181152344
B.1.423,1.2011191844940186,9.9424409866333
B.1.424,1.0772910118103027,61.299556732177734
B.1.425,1.0776795148849487,8.072998046875
B.1.426,1.0783445835113525,979.5108032226562
B.1.427,1.3918917179107666,1154.523193359375
B.1.428,1.0708582401275635,647.4768676757812
B.1.428.1,1.1486536264419556,5.161975860595703
B.1.428.2,1.149206280708313,127.9227294921875
B.1.428.3,1.1499435901641846,8.250113487243652
B.1.429,1.3898701667785645,5172.58935546875
B.1.429.1,1.4845510721206665,3.098032236099243
B.1.431,1.0716694593429565,0.6949005722999573
B.1.432,1.0716649293899536,2.050605058670044
B.1.433,1.1573853492736816,85.7001953125
B.1.435,1.0772976875305176,16.973735809326172
B.1.436,1.1002997159957886,39.3039665222168
B.1.437,1.0715961456298828,1.5451390743255615
B.1.438,1.1408207416534424,90.88147735595703
B.1.438.1,1.2822080850601196,777.3178100585938
B.1.438.2,1.2618001699447632,4.816349029541016
B.1.438.3,1.2623844146728516,0.17778931558132172
B.1.438.4,1.1504548788070679,3.0449016094207764
B.1.439,1.0989530086517334,343.2069396972656
B.1.44,1.0481950044631958,0.7467901110649109
B.1.441,1.1712065935134888,1180.1163330078125
B.1.442,1.1017686128616333,5.316889762878418
B.1.443,1.0996952056884766,72.34034729003906
B.1.444,1.1261940002441406,8.102540016174316
B.1.445,1.071428656578064,8.845890998840332
B.1.448,1.0837783813476562,39.32082748413086
B.1.450,1.077284574508667,19.609777450561523
B.1.451,1.0717445611953735,5.439646244049072
B.1.452,1.0721025466918945,101.50458526611328
B.1.453,1.0716747045516968,23.84498405456543
B.1.456,1.156411051750183,1241.845458984375
B.1.458,1.123395562171936,0.6120559573173523
B.1.459,1.1397888660430908,5902.2265625
B.1.460,1.1861395835876465,0.3191966414451599
B.1.462,1.1001778841018677,2821.404052734375
B.1.463,1.1915031671524048,334.00201416015625
B.1.465,1.0992692708969116,496.5189514160156
B.1.466,1.2202355861663818,40.210166931152344
B.1.466.1,1.3066716194152832,98.39273834228516
B.1.466.2,1.5503976345062256,25588.28125
B.1.467,1.099567174911499,102.89974212646484
B.1.468,1.0953760147094727,5314.64501953125
B.1.469,1.1900997161865234,99.3836669921875
B.1.470,1.0932990312576294,2929.157470703125
B.1.471,1.100372552871704,46.6358528137207
B.1.473,1.100020408630371,164.646728515625
B.1.474,1.292845606803894,137.96400451660156
B.1.475,1.1003085374832153,7.909717082977295
B.1.476,1.1000629663467407,422.35845947265625
B.1.478,1.100569248199463,16.329830169677734
B.1.479,1.0999641418457031,2.2820045948028564
B.1.480,1.1588213443756104,3648.20556640625
B.1.482,1.1000723838806152,5.36089563369751
B.1.483,1.100019931793213,0.4137304723262787
B.1.485,1.0716660022735596,17.66429328918457
B.1.486,1.0718048810958862,0.6431191563606262
B.1.487,1.0717400312423706,2.655855417251587
B.1.488,1.07114577293396,176.1868133544922
B.1.489,1.071106195449829,0.5623372197151184
B.1.490,1.0711787939071655,49.73971939086914
B.1.491,1.0710917711257935,0.7090725898742676
B.1.492,1.0717424154281616,59.80613327026367
B.1.493,1.0678160190582275,4.1757636070251465
B.1.494,1.0677483081817627,2.326477289199829
B.1.495,1.0678962469100952,58.62467575073242
B.1.496,1.0684384107589722,2.9435665607452393
B.1.497,1.0681408643722534,1397.249267578125
B.1.498,1.067832589149475,4.457330226898193
B.1.499,1.0755277872085571,17000.017578125
B.1.499.1,1.0745388269424438,0.6001931428909302
B.1.500,1.0678766965866089,0.6126440167427063
B.1.501,1.0985133647918701,5.133273601531982
B.1.502,1.0678632259368896,0.9294971823692322
B.1.503,1.0764989852905273,40.73696517944336
B.1.504,1.067776083946228,2347.476318359375
B.1.505,1.0677884817123413,924.4690551757812
B.1.506,1.067833662033081,4.186765670776367
B.1.507,1.0675917863845825,9.618158340454102
B.1.508,1.0678434371948242,0.5843104124069214
B.1.509,1.0751694440841675,1720.519287109375
B.1.510,1.0713740587234497,244.31198120117188
B.1.511,1.0716931819915771,1.4271752834320068
B.1.513,1.0475025177001953,771.5403442382812
B.1.515,1.0717562437057495,0.6015352010726929
B.1.516,1.0710887908935547,9.515953063964844
B.1.517,1.2075940370559692,276.5381164550781
B.1.517.1,1.3102093935012817,0.9437915086746216
B.1.518,1.0715926885604858,73.52165222167969
B.1.520,1.0719656944274902,25.038394927978516
B.1.521,1.123496413230896,35.35038375854492
B.1.523,1.1716995239257812,351.1619567871094
B.1.524,1.1616675853729248,15319.9033203125
B.1.525,1.6267136335372925,12978.890625
B.1.526,1.6450169086456299,10584.1357421875
B.1.528,1.104227900505066,16.015438079833984
B.1.529,1.152167797088623,1.2424455881118774
B.1.530,1.3366804122924805,233.8125457763672
B.1.531,1.161431908607483,0.2692303955554962
B.1.532,1.1258971691131592,1.0748775005340576
B.1.533,1.1222995519638062,960.5025634765625
B.1.534,1.2235535383224487,1.658822774887085
B.1.535,1.1036635637283325,2.6369144916534424
B.1.536,1.1583240032196045,1.8859132528305054
B.1.539,1.1539180278778076,1.1135203838348389
B.1.540,1.1039447784423828,92.82701873779297
B.1.541,1.114522099494934,27.526798248291016
B.1.542,1.1036593914031982,2.393930673599243
B.1.543,1.2218347787857056,53.93468475341797
B.1.544,1.1530877351760864,6.098269462585449
B.1.545,1.103722333908081,1.9798234701156616
B.1.546,1.1036713123321533,10.46668815612793
B.1.547,1.1035032272338867,1682.837890625
B.1.548,1.1705975532531738,48.27571487426758
B.1.549,1.5385725498199463,156.700439453125
B.1.550,1.1610651016235352,3.501640558242798
B.1.551,1.1727936267852783,323.26446533203125
B.1.552,1.1029404401779175,68.9959945678711
B.1.554,1.1595255136489868,2.1140077114105225
B.1.555,1.1031761169433594,752.9602661132812
B.1.556,1.159751534461975,3.6876144409179688
B.1.557,1.0299444198608398,1.0446504354476929
B.1.558,1.1597020626068115,404.8904724121094
B.1.559,1.0259487628936768,1.3005872964859009
B.1.560,1.1595417261123657,2530.570068359375
B.1.561,1.2796134948730469,180.33322143554688
B.1.562,1.1298437118530273,842.4865112304688
B.1.563,1.243595004081726,1.4804209470748901
B.1.564,1.0716360807418823,3.305776596069336
B.1.564.1,1.0838205814361572,3.7202236652374268
B.1.565,1.163184404373169,188.62887573242188
B.1.567,1.1005216836929321,79.08308410644531
B.1.568,1.210329532623291,42.71267318725586
B.1.569,1.078911304473877,3.503246545791626
B.1.570,1.0843769311904907,55.308067321777344
B.1.571,1.0834238529205322,10.243647575378418
B.1.572,1.071581244468689,38.47556686401367
B.1.573,1.0716139078140259,16.979013442993164
B.1.574,1.0719553232192993,98.27003479003906
B.1.575,1.5384715795516968,1453.5556640625
B.1.575.1,1.5384348630905151,308.6180114746094
B.1.575.2,1.8082387447357178,462.16339111328125
B.1.576,1.0718413591384888,64.20726013183594
B.1.577,1.1579346656799316,478.474853515625
B.1.578,1.071860432624817,3.1687824726104736
B.1.579,1.0716159343719482,1.5387948751449585
B.1.580,1.1797127723693848,18.32500648498535
B.1.581,1.087895393371582,4.726235866546631
B.1.582,1.0885820388793945,458.802490234375
B.1.585,1.1498585939407349,0.5257028341293335
B.1.586,1.0952057838439941,1.361801028251648
B.1.587,1.1300671100616455,60.50249099731445
B.1.588,1.2082546949386597,397.4972839355469
B.1.588.1,1.2079013586044312,2.0232479572296143
B.1.589,1.100282907485962,23.285425186157227
B.1.590,1.078391671180725,10.537672996520996
B.1.591,1.1789082288742065,9.397528648376465
B.1.592,1.0775927305221558,0.8190134167671204
B.1.593,1.102272391319275,20.742982864379883
B.1.594,1.0772452354431152,0.5893936157226562
B.1.595,1.116641879081726,1191.5638427734375
B.1.595.1,1.1002304553985596,186.57528686523438
B.1.595.2,1.1003769636154175,2.426250696182251
B.1.595.3,1.100446105003357,36.45461654663086
B.1.595.4,1.100568175315857,66.10489654541016
B.1.596,1.2236937284469604,320.6482849121094
B.1.596.1,1.2050111293792725,1275.846923828125
B.1.597,1.0726104974746704,571.5267333984375
B.1.598,1.0713727474212646,1.250857949256897
B.1.599,1.1777102947235107,22.654829025268555
B.1.6,1.1117349863052368,512.2636108398438
B.1.600,1.1142572164535522,1080.9342041015625
B.1.601,1.0948090553283691,10.555121421813965
B.1.602,1.1593927145004272,4.843383312225342
B.1.603,1.4529073238372803,1.789925456047058
B.1.604,1.3720656633377075,4.436363697052002
B.1.605,1.1714985370635986,51.904808044433594
B.1.606,1.010792851448059,8.103561401367188
B.1.607,1.0711336135864258,0.7327299118041992
B.1.609,1.1040767431259155,1840.3038330078125
B.1.610,1.2025309801101685,1.2915046215057373
B.1.611,1.0678422451019287,0.9560934901237488
B.1.612,1.084251046180725,2.5595600605010986
B.1.613,1.0715051889419556,24.815704345703125
B.1.614,1.0972074270248413,7.560520648956299
B.1.615,1.1599749326705933,0.5884981155395508
B.1.616,1.1666581630706787,6.842620849609375
B.1.617,1.4433164596557617,96.08806610107422
B.1.617.1,1.6722744703292847,3484.173583984375
B.1.617.2,2.620140552520752,165216.390625
B.1.617.3,1.4459530115127563,70.61322784423828
B.1.618,1.4007374048233032,14.984658241271973
B.1.619,1.746171474456787,617.7371826171875
B.1.619.1,1.7466899156570435,258.4974365234375
B.1.620,1.6362059116363525,3373.749755859375
B.1.621,2.263972043991089,10863.3046875
B.1.621.1,2.257068395614624,3603.20166015625
B.1.621.2,2.4646413326263428,5.0458574295043945
B.1.622,1.161779522895813,19.139068603515625
B.1.623,1.3828589916229248,268.6604309082031
B.1.625,1.7148038148880005,626.2267456054688
B.1.626,1.8920038938522339,390.1211853027344
B.1.627,1.6848187446594238,87.13593292236328
B.1.629,2.341188907623291,13.091493606567383
B.1.630,2.035407543182373,149.22756958007812
B.1.631,2.1377463340759277,33.79001235961914
B.1.632,2.4396462440490723,17.003734588623047
B.1.633,3.7941384315490723,19.341751098632812
B.1.634,1.7184925079345703,49.93644332885742
B.1.635,1.2390674352645874,12.828813552856445
B.1.636,1.3596714735031128,13.415780067443848
B.1.637,1.7594679594039917,1938.624755859375
B.1.637.1,2.8205811977386475,0.12562228739261627
B.1.638,1.6953128576278687,0.6555992960929871
B.1.639,2.2144956588745117,0.8811555504798889
B.1.640,3.1850295066833496,31.655397415161133
B.1.640.1,3.2009072303771973,860.0294799804688
B.1.640.2,2.6506283283233643,203.91419982910156
B.1.641,1.4697216749191284,0.08321140706539154
B.1.67,1.103563904762268,465.9386291503906
B.1.69,1.1035701036453247,0.7380517721176147
B.1.70,1.103534460067749,0.5799794793128967
B.1.76,1.1034730672836304,1.6114393472671509
B.1.77,1.103627324104309,0.6027379035949707
B.1.78,1.1033852100372314,47.02532196044922
B.1.8,1.1018787622451782,3067.300537109375
B.1.81,1.1034677028656006,1.0142872333526611
B.1.83,1.103533148765564,360.59368896484375
B.1.84,1.1120346784591675,342.6084899902344
B.1.88.1,1.0839546918869019,1168.963623046875
B.1.9,1.0996029376983643,2278.23046875
B.1.9.1,1.0999685525894165,0.5773366093635559
B.1.9.2,1.1000546216964722,0.9260391592979431
B.1.9.3,1.1000056266784668,29.903154373168945
B.1.9.4,1.1005202531814575,179.33633422851562
B.1.9.5,1.099920392036438,432.1701965332031
B.1.91,1.1025389432907104,225.7374267578125
B.1.93,1.0814248323440552,261.212158203125
B.1.94,1.148480772972107,32.43526840209961
B.1.96,1.1128236055374146,31.39192771911621
B.1.97,1.1126021146774292,0.7728790640830994
B.10,0.9411283135414124,14.031705856323242
B.11,0.9786719679832458,1356.7733154296875
B.12,0.9890128374099731,526.6576538085938
B.13,0.9414003491401672,7.4385271072387695
B.15,0.9412702918052673,7.961327075958252
B.18,0.9443562030792236,7.1976704597473145
B.19,0.9412217736244202,7.491428852081299
B.20,0.9413691759109497,7.447808265686035
B.23,0.9408751726150513,36.73236083984375
B.26,0.9412998557090759,8.091238021850586
B.27,0.9412070512771606,53.949501037597656
B.28,0.892408549785614,400.3688049316406
B.29,0.889349639415741,512.2660522460938
B.3,0.9101199507713318,4544.99072265625
B.3.1,0.9114360213279724,65.30523681640625
B.30,0.8896013498306274,294.66729736328125
B.31,0.8894273638725281,4241.65087890625
B.32,0.8897050619125366,134.37977600097656
B.33,0.8881699442863464,18902.365234375
B.34,0.8895914554595947,131.70289611816406
B.35,0.9535241723060608,53.65285873413086
B.36,0.8898802399635315,148.20974731445312
B.37,0.8897290825843811,222.40554809570312
B.38,0.8897106647491455,1320.3917236328125
B.39,0.8891108632087708,944.1724243164062
B.4,0.9402422308921814,3864.678955078125
B.4.1,0.9412243962287903,206.5981903076172
B.4.2,0.9413241744041443,333.48480224609375
B.4.4,0.940919816493988,199.3909454345703
B.4.5,0.9463538527488708,6.265536785125732
B.4.6,0.9411105513572693,37.379554748535156
B.4.7,0.9413208961486816,1188.545654296875
B.4.8,1.1019585132598877,60.590660095214844
B.40,0.8641068339347839,11425.208984375
B.41,0.8892531394958496,1499.6009521484375
B.42,0.8896499276161194,140.09707641601562
B.43,0.889492928981781,146.22760009765625
B.44,0.8896744251251221,135.16615295410156
B.45,0.9891698956489563,5.686008930206299
B.46,0.9414188265800476,7.439355373382568
B.47,0.9412744641304016,12.500798225402832
B.5,0.9413339495658875,34.27831268310547
B.50,0.9414098262786865,261.9949035644531
B.51,0.9413475394248962,7.912863731384277
B.52,0.9410394430160522,23.888545989990234
B.53,0.9419946074485779,689.7012939453125
B.55,0.9407962560653687,1313.338134765625
B.56,0.9414535164833069,401.0335998535156
B.57,0.941286027431488,8.132542610168457
B.58,0.8894217610359192,233.93966674804688
B.59,1.0849956274032593,2271.490966796875
B.6,0.9410975575447083,18177.630859375
B.6.1,1.0171223878860474,997.3243408203125
B.6.2,1.0167678594589233,346.7673034667969
B.6.3,1.0170581340789795,1.8906309604644775
B.6.4,1.017238736152649,1.2848106622695923
B.6.5,1.0171397924423218,1.219855546951294
B.6.6,1.0169575214385986,5003.38427734375
B.6.8,1.0172576904296875,166.82118225097656
B.60,0.8652263879776001,906.6602783203125
B.61,0.8730238676071167,728.8510131835938
BA.1,6.6573710441589355,79025.2890625
BA.1.1,7.501019477844238,188238.28125
BA.1.1.1,7.780602931976318,15672.2451171875
BA.1.1.10,7.77642822265625,445.0404357910156
BA.1.1.11,7.467119216918945,737.0682373046875
BA.1.1.12,7.563544750213623,55.27334213256836
BA.1.1.13,7.565875053405762,494.7071838378906
BA.1.1.14,7.640470504760742,1467.0948486328125
BA.1.1.15,7.57959508895874,3319.632080078125
BA.1.1.16,7.633868217468262,438.8054504394531
BA.1.1.17,7.55946159362793,163.23593139648438
BA.1.1.18,7.530092239379883,1427.6734619140625
BA.1.1.2,7.603836536407471,6123.29052734375
BA.1.1.3,7.54935359954834,35.2474365234375
BA.1.1.4,7.9826884269714355,78.1829605102539
BA.1.1.5,7.559211254119873,19.9013671875
BA.1.1.6,7.561273097991943,9.165287971496582
BA.1.1.7,7.428455352783203,94.91243743896484
BA.1.1.8,7.560351848602295,15.960579872131348
BA.1.1.9,7.566245079040527,5090.9619140625
BA.1.10,6.852819919586182,470.0657653808594
BA.1.12,6.851859092712402,81.31694030761719
BA.1.13,6.854238986968994,1101.969482421875
BA.1.13.1,6.916460037231445,2159.101318359375
BA.1.14,6.873583793640137,9218.068359375
BA.1.14.1,6.856888294219971,1598.340087890625
BA.1.14.2,6.851457118988037,144.6501007080078
BA.1.15,6.8246965408325195,17755.521484375
BA.1.15.1,6.830776214599609,1101.7052001953125
BA.1.15.2,7.130574703216553,0.9581207633018494
BA.1.15.3,6.849396705627441,118.08414459228516
BA.1.16,6.8522257804870605,1042.800537109375
BA.1.16.1,6.8479437828063965,96.84437561035156
BA.1.16.2,6.846994876861572,149.314453125
BA.1.17,6.731151103973389,17936.712890625
BA.1.17.1,6.721585750579834,80.4925308227539
BA.1.17.2,6.7792253494262695,21695.57421875
BA.1.18,7.156771183013916,18997.55859375
BA.1.19,6.851727485656738,1037.9637451171875
BA.1.2,6.846134662628174,18.260587692260742
BA.1.20,6.864265441894531,1509.2867431640625
BA.1.21,6.864609241485596,2573.310302734375
BA.1.21.1,6.854680061340332,93.90876007080078
BA.1.22,6.847249984741211,51.60415267944336
BA.1.23,7.2617082595825195,0.0824510008096695
BA.1.24,7.115869045257568,0.2898848354816437
BA.1.3,6.848001003265381,1.5124462842941284
BA.1.4,6.843151569366455,15.715288162231445
BA.1.5,6.849992752075195,15.699618339538574
BA.1.6,6.849583625793457,84.41405487060547
BA.1.7,6.846094131469727,3.948338747024536
BA.1.8,7.911420822143555,322.29510498046875
BA.1.9,7.400025367736816,159.4555206298828
BA.2,11.851255416870117,421981.65625
BA.2.1,12.116840362548828,697.6676025390625
BA.2.10,11.764636993408203,25124.31640625
BA.2.10.1,11.743431091308594,5129.1962890625
BA.2.10.2,11.735580444335938,244.39620971679688
BA.2.10.3,13.153794288635254,1857.2154541015625
BA.2.11,12.990201950073242,41.90644073486328
BA.2.12,13.903799057006836,5949.01611328125
BA.2.12.1,15.238704681396484,28087.76171875
BA.2.12.2,13.108914375305176,59.78303909301758
BA.2.13,14.129919052124023,4790.28662109375
BA.2.14,12.042165756225586,80.91383361816406
BA.2.15,11.88671588897705,217.13050842285156
BA.2.16,11.876760482788086,3.3726935386657715
BA.2.17,12.026241302490234,1411.7869873046875
BA.2.18,13.722419738769531,1479.4017333984375
BA.2.19,11.87572193145752,23.789234161376953
BA.2.2,12.168092727661133,1391.033935546875
BA.2.2.1,12.160880088806152,1181.1666259765625
BA.2.20,12.106133460998535,47.43699264526367
BA.2.21,12.17529296875,477.8294372558594
BA.2.22,12.384467124938965,99.72891998291016
BA.2.23,11.7247314453125,679.2183227539062
BA.2.23.1,13.060833930969238,63.2778434753418
BA.2.24,12.01171588897705,1196.940673828125
BA.2.25,12.028868675231934,148.51882934570312
BA.2.25.1,12.021600723266602,338.71099853515625
BA.2.26,12.082758903503418,40.07147216796875
BA.2.27,12.025054931640625,1734.4071044921875
BA.2.28,12.027621269226074,9.83065128326416
BA.2.29,12.046483993530273,715.5313720703125
BA.2.3,12.09196949005127,55781.6875
BA.2.3.1,12.047286033630371,3468.791015625
BA.2.3.10,12.041720390319824,16.521848678588867
BA.2.3.11,12.180246353149414,628.2679443359375
BA.2.3.12,12.193390846252441,219.1372528076172
BA.2.3.13,12.034811973571777,766.6417846679688
BA.2.3.14,12.03958511352539,47.91624069213867
BA.2.3.15,12.056966781616211,1970.736083984375
BA.2.3.16,12.035486221313477,11.984538078308105
BA.2.3.17,12.04491901397705,42.52486038208008
BA.2.3.18,12.039719581604004,651.9160766601562
BA.2.3.2,12.054408073425293,3094.03125
BA.2.3.4,12.047053337097168,23.70905113220215
BA.2.3.5,12.034964561462402,21.560380935668945
BA.2.3.6,12.055526733398438,177.9991455078125
BA.2.3.7,12.044209480285645,793.560546875
BA.2.3.8,12.033833503723145,12.24622631072998
BA.2.3.9,12.040916442871094,186.96652221679688
BA.2.30,12.029886245727539,217.9780731201172
BA.2.31,12.042882919311523,47.94545364379883
BA.2.32,12.04823112487793,6077.50732421875
BA.2.33,12.020124435424805,51.424930572509766
BA.2.34,12.026089668273926,97.65052795410156
BA.2.35,12.992438316345215,176.124267578125
BA.2.36,13.596990585327148,6797.06591796875
BA.2.37,12.058662414550781,551.8780517578125
BA.2.38,13.72920036315918,3274.808349609375
BA.2.39,12.039429664611816,10.051507949829102
BA.2.4,12.025725364685059,202.507080078125
BA.2.40,12.071333885192871,0.9085613489151001
BA.2.40.1,13.761296272277832,979.1631469726562
BA.2.41,12.689417839050293,96.43819427490234
BA.2.42,13.50536060333252,118.79388427734375
BA.2.43,13.514727592468262,202.27670288085938
BA.2.44,12.9624662399292,535.6031494140625
BA.2.45,12.300858497619629,181.08583068847656
BA.2.46,12.027291297912598,0.7744937539100647
BA.2.47,12.350931167602539,96.90887451171875
BA.2.48,13.955338478088379,308.07110595703125
BA.2.49,12.211915016174316,97.25483703613281
BA.2.5,12.053178787231445,439.53192138671875
BA.2.50,13.126033782958984,81.05451965332031
BA.2.51,12.022907257080078,5.838974952697754
BA.2.52,13.545531272888184,166.88548278808594
BA.2.53,13.134236335754395,0.4530992805957794
BA.2.54,13.609678268432617,256.2202453613281
BA.2.55,13.500113487243652,159.17184448242188
BA.2.56,14.158306121826172,2724.426025390625
BA.2.56.1,14.080299377441406,163.72549438476562
BA.2.57,12.028019905090332,150.40737915039062
BA.2.58,12.307570457458496,9.613866806030273
BA.2.59,12.027194023132324,1.5840656757354736
BA.2.6,12.0839262008667,601.7535400390625
BA.2.60,12.028277397155762,83.32527923583984
BA.2.61,13.805242538452148,2.6214451789855957
BA.2.62,12.0283203125,34.324073791503906
BA.2.63,12.917485237121582,173.3701934814453
BA.2.64,12.363499641418457,841.1919555664062
BA.2.65,12.42259407043457,871.6378173828125
BA.2.66,12.023262977600098,65.29996490478516
BA.2.67,12.028555870056152,1503.4390869140625
BA.2.68,12.029740333557129,89.1980972290039
BA.2.69,12.021778106689453,94.838134765625
BA.2.7,12.052310943603516,232.96420288085938
BA.2.70,12.054390907287598,127.8624267578125
BA.2.71,13.81482982635498,667.9243774414062
BA.2.72,13.148563385009766,120.93782806396484
BA.2.73,12.16927433013916,32.171836853027344
BA.2.74,15.242156982421875,24.67012596130371
BA.2.75,13.658333778381348,4.745351314544678
BA.2.76,13.344324111938477,145.80300903320312
BA.2.8,12.186415672302246,330.6689758300781
BA.2.9,11.943713188171387,90983.765625
BA.2.9.1,14.094687461853027,38.244815826416016
BA.2.9.2,12.010109901428223,71.71162414550781
BA.2.9.3,13.853711128234863,1360.8861083984375
BA.2.9.4,13.021020889282227,551.8020629882812
BA.3,8.50838565826416,555.5392456054688
BA.3.1,8.985772132873535,20.94295310974121
BA.4,18.01154899597168,9569.171875
BA.4.1,19.440200805664062,19801.056640625
BA.4.1.1,19.318065643310547,1931.991943359375
BA.4.1.2,19.70674705505371,91.2988510131836
BA.4.1.3,19.8355712890625,11.91978931427002
BA.4.1.4,19.29277801513672,8.228377342224121
BA.4.2,18.060922622680664,207.37118530273438
BA.4.3,19.192407608032227,8.629598617553711
BA.4.4,19.161897659301758,3472.88037109375
BA.4.5,19.193628311157227,27.013734817504883
BA.5,17.551488876342773,10063.107421875
BA.5.1,20.24610137939453,54970.3515625
BA.5.1.1,20.160442352294922,1139.904052734375
BA.5.1.2,20.146326065063477,113.15911865234375
BA.5.1.3,20.161895751953125,453.3874816894531
BA.5.2,21.356197357177734,18538.541015625
BA.5.2.1,21.06015396118164,33011.3359375
BA.5.2.2,21.193286895751953,1649.8675537109375
BA.5.2.3,22.069005966186523,1046.7333984375
BA.5.2.4,20.935354232788086,499.4931335449219
BA.5.3,18.737430572509766,910.3102416992188
BA.5.3.1,20.193073272705078,2801.918212890625
BA.5.3.2,18.750890731811523,588.4369506835938
BA.5.3.3,18.720136642456055,26.134660720825195
BA.5.3.4,18.999940872192383,253.41957092285156
BA.5.5,18.449560165405273,1127.7296142578125
BA.5.6,19.043764114379883,1034.177978515625
BB.1,2.4662137031555176,987.9007568359375
BB.2,2.257661819458008,1.7173044681549072
BC.1,7.7990641593933105,337.718505859375
BC.2,7.660295486450195,83.47977447509766
BD.1,7.065132141113281,23.958559036254883
BE.1,21.669448852539062,6743.92236328125
BE.1.1,22.187589645385742,4638.41748046875
BE.2,20.161659240722656,1916.825927734375
BE.3,21.66585350036621,422.1345520019531
BF.1,21.16397476196289,3968.457275390625
BF.1.1,21.31903076171875,1162.8126220703125
BF.2,20.94338607788086,404.97210693359375
BF.3,20.98031997680664,214.0357208251953
BF.4,20.946533203125,101.15294647216797
BF.5,21.068782806396484,674.3975219726562
BG.1,14.646151542663574,68.29444885253906
BG.2,16.92527961730957,47.16157913208008
BG.3,14.643662452697754,15.359694480895996
BG.4,15.370583534240723,23.52630615234375
C.1,1.1262990236282349,384.6434631347656
C.1.1,1.1614996194839478,32.58096694946289
C.1.2,2.3499090671539307,185.5635986328125
C.10,1.1264493465423584,91.87580871582031
C.11,1.1266051530838013,629.6581420898438
C.12,1.1264592409133911,0.32570573687553406
C.13,1.1264562606811523,99.8208236694336
C.14,1.1264623403549194,2676.440185546875
C.16,1.271246075630188,4145.90576171875
C.17,1.3941724300384521,1134.1234130859375
C.18,1.1268327236175537,54.01946258544922
C.19,1.135553240776062,1.0784443616867065
C.2,1.1267766952514648,495.9795837402344
C.2.1,1.2518055438995361,547.8232421875
C.20,1.1268163919448853,17.611589431762695
C.21,1.1265918016433716,36.59579849243164
C.22,1.1256474256515503,375.5646667480469
C.23,1.1998569965362549,31.247968673706055
C.25,1.1264315843582153,356.4736328125
C.26,1.1266601085662842,1462.5921630859375
C.27,1.1263617277145386,0.7128771543502808
C.28,1.147902488708496,0.28852197527885437
C.29,1.126663327217102,348.0696105957031
C.3,1.1263242959976196,1.3518487215042114
C.30,1.14671790599823,113.61394500732422
C.30.1,1.1466563940048218,5.976317882537842
C.31,1.1796042919158936,2.804532527923584
C.32,1.1264450550079346,109.81443786621094
C.33,1.1265137195587158,51.93090057373047
C.34,1.12642240524292,0.7124158143997192
C.35,1.126554250717163,9801.9853515625
C.36,1.2714368104934692,5.183197975158691
C.36.1,1.2631596326828003,130.1402130126953
C.36.2,1.2622849941253662,8.39551067352295
C.36.3,1.9240790605545044,824.6018676757812
C.36.3.1,1.9826916456222534,358.5104675292969
C.37,2.028261423110962,14094.998046875
C.37.1,2.0849180221557617,165.28675842285156
C.38,1.956836462020874,285.4931945800781
C.39,1.5771434307098389,89.10057830810547
C.4,1.1340957880020142,372.5557556152344
C.40,1.331839919090271,381.9204406738281
C.5,1.1265326738357544,11.488815307617188
C.6,1.1263996362686157,67.94307708740234
C.7,1.1262251138687134,7.77329158782959
C.8,1.1263762712478638,130.7277374267578
C.9,1.1264387369155884,1.2693240642547607
D.2,1.1597484350204468,4131.41943359375
D.3,1.126911997795105,0.34969672560691833
D.4,1.221872329711914,54.11642837524414
D.5,1.2268680334091187,46.10190200805664
G.1,1.197934627532959,0.49924734234809875
K.1,1.1261435747146606,23.591365814208984
K.2,1.1260372400283813,181.2070770263672
K.3,1.1591793298721313,564.5474853515625
L.1,1.125820279121399,3542.246826171875
L.2,1.1256697177886963,245.4174041748047
L.3,1.2236497402191162,629.2339477539062
L.4,1.1259442567825317,0.6071847081184387
M.1,1.167836308479309,79.9128189086914
M.2,1.1302270889282227,1.180837631225586
M.3,1.1172246932983398,1.3060834407806396
N.1,1.1212334632873535,0.540262758731842
N.10,1.6318117380142212,4.23313045501709
N.2,1.1214978694915771,46.5531120300293
N.3,1.1216102838516235,5869.7099609375
N.4,1.1219439506530762,1854.7939453125
N.5,1.3762900829315186,3591.01318359375
N.6,1.121686577796936,901.2349243164062
N.7,1.1215565204620361,216.78575134277344
N.8,1.1215475797653198,290.88787841796875
N.9,1.3462638854980469,261.05853271484375
P.1,1.8818544149398804,47241.16796875
P.1.1,1.9809882640838623,1065.6932373046875
P.1.10,1.9812841415405273,186.59437561035156
P.1.10.1,2.0314042568206787,17.574176788330078
P.1.10.2,1.9815610647201538,10.243008613586426
P.1.11,2.0023677349090576,29.89876365661621
P.1.12,1.9846274852752686,916.9089965820312
P.1.12.1,2.231914758682251,68.3808364868164
P.1.13,1.9814512729644775,35.0095329284668
P.1.14,1.9779510498046875,1194.8507080078125
P.1.15,1.985117793083191,5364.10302734375
P.1.16,1.8797082901000977,3762.61376953125
P.1.17,1.9830490350723267,1351.191650390625
P.1.17.1,2.028102397918701,155.98574829101562
P.1.2,2.031461477279663,1191.2022705078125
P.1.3,1.9829251766204834,0.5569968223571777
P.1.4,2.070244312286377,520.4521484375
P.1.5,2.0696218013763428,2.2625505924224854
P.1.6,2.0904605388641357,112.58112335205078
P.1.7,2.0918099880218506,1882.2474365234375
P.1.7.1,2.1298491954803467,816.8196411132812
P.1.8,2.0998952388763428,39.37353515625
P.1.9,2.156450033187866,59.09619903564453
P.2,1.3890413045883179,6369.4296875
P.3,1.5228960514068604,1590.27734375
P.4,1.3986788988113403,24.431310653686523
P.5,1.7270468473434448,0.4719168245792389
P.6,1.651857852935791,162.84640502929688
P.7,1.284896731376648,324.8431091308594
Q.1,1.7209537029266357,8922.9501953125
Q.2,1.7300851345062256,11.499160766601562
Q.3,1.7343672513961792,93.16284942626953
Q.4,1.638859510421753,2325.19384765625
Q.5,1.7164982557296753,25.180070877075195
Q.6,1.7298288345336914,32.856258392333984
Q.7,1.7976452112197876,128.72537231445312
Q.8,1.744608998298645,2211.897216796875
R.1,1.4757814407348633,7719.19189453125
R.2,1.4212415218353271,3.994635820388794
S.1,1.1416099071502686,247.57630920410156
U.1,1.269612431526184,0.23424021899700165
U.2,1.2692993879318237,3.1145107746124268
U.3,1.2696465253829956,96.37605285644531
V.1,1.2139812707901,72.33838653564453
V.2,1.2139441967010498,0.2940404415130615
W.1,1.221382975578308,223.4589385986328
W.2,1.2205740213394165,48.34339141845703
W.3,1.2204110622406006,0.6808742880821228
W.4,1.2206658124923706,4.597090244293213
XA,1.686340570449829,0.09143658727407455
XAA,11.090840339660645,0.6595252156257629
XAB,11.083747863769531,73.63170623779297
XAC,11.36962890625,16.183870315551758
XAD,11.717424392700195,8.4425048828125
XAE,11.217817306518555,20.314716339111328
XAF,10.561951637268066,1913.1624755859375
XAG,11.086797714233398,37.8724250793457
XAH,11.386612892150879,27.80381965637207
XB,2.0507872104644775,433.9528503417969
XC,3.5698869228363037,1.7248737812042236
XD,5.608238697052002,11.790451049804688
XE,10.045955657958984,47.12799072265625
XF,6.745319843292236,0.07900268584489822
XG,10.859916687011719,3.066829204559326
XH,10.495113372802734,2.284120559692383
XJ,10.337778091430664,12.38437557220459
XK,9.407004356384277,5.085262775421143
XL,10.880888938903809,0.5158073306083679
XM,9.876230239868164,123.98393249511719
XN,11.429901123046875,1.5488560199737549
XP,7.873106479644775,0.1022934764623642
XQ,10.538553237915039,1.3536012172698975
XR,11.077116966247559,0.2876491844654083
XS,7.371121883392334,0.6955574750900269
XT,11.191250801086426,3.431739091873169
XU,10.872108459472656,0.949056088924408
XV,10.237287521362305,0.39016464352607727
XW,11.292060852050781,2.956507921218872
XY,10.42385196685791,2.9955828189849854
XZ,11.394705772399902,2.121049165725708
Y.1,1.2653028964996338,13.546661376953125
Z.1,1.2148362398147583,50.636268615722656
