rank	strain	R / R_A	95% ci lower	95% ci upper	confirmed cases / day	confirmed cases total	birthday
1	B.1.617.2	3.34037	1.20974	1.21726	1.00445e+07	4.86589e+08	2021-02-04
2	B.1.617.1	2.00434	0.69851	0.706957	1.04497e+06	6.13913e+07	2021-01-03
3	B.1.621	1.96344	0.677821	0.686418	9080.43	499322	2021-03-08
4	B.1.1.318	1.95809	0.674202	0.684578	6802.42	606262	2021-01-22
5	P.1	1.93404	0.662178	0.671886	1.69407e+06	1.79624e+08	2020-12-16
6	C.37	1.83489	0.604544	0.624264	8242.12	835690	2021-01-17
7	B.1.620	1.75097	0.566517	0.568669	1505.07	129696	2021-02-23
8	B.1.619	1.74929	0.564092	0.569172	12463.4	1.61358e+06	2021-02-04
9	B.1.526.2	1.68548	0.52678	0.532164	225.702	21065.3	2021-01-02
10	B.1.525	1.68394	0.52451	0.532609	13787.4	2.8738e+06	2020-12-27
11	B.1.1.7	1.67821	0.522332	0.527963	2.80301e+06	4.95719e+08	2020-07-21
12	B.1.526	1.64658	0.50426	0.50798	1979.52	230415	2020-12-04
13	B.1.526.1	1.64543	0.501941	0.508907	52.3234	10063.8	2020-12-28
14	B.1.177.46	1.63036	0.49511	0.497337	848.185	265685	2020-12-30
15	B.1.351	1.61449	0.482031	0.490847	119644	3.57762e+07	2020-10-15
16	B.1.617.3	1.5948	0.470445	0.477892	397.638	239022	2021-02-14
17	P.1.1	1.57065	0.45626	0.461562	169.058	201377	2020-12-26
18	B.1.1.375	1.54778	0.442066	0.446415	100.266	82663.8	2020-11-24
19	B.1.214.2	1.53604	0.427334	0.445919	15252.2	8.53896e+06	2020-12-29
20	R.1	1.50437	0.412891	0.418695	1333.65	304280	2020-11-02
21	AU.3	1.48393	0.399621	0.404613	40.9343	1809.98	2021-02-26
22	B.1.1.420	1.47904	0.396201	0.401422	707.815	545478	2020-12-07
23	C.36	1.4749	0.392862	0.399164	3899.39	2.38998e+06	2020-04-28
24	A.2.5.1	1.46159	0.384414	0.389476	354.533	27053.7	2021-01-24
25	B.1.214.3	1.45635	0.381272	0.38543	1597.29	1.99216e+06	2021-01-20
26	B.1.526.3	1.43344	0.366324	0.368666	2292.89	344269	2021-02-02
27	B.1.575.1	1.42638	0.360677	0.364446	688.994	721000	2020-12-28
28	B.1.517.1	1.42375	0.358158	0.363273	0.0363283	320.396	2020-12-16
29	P.3	1.41702	0.350451	0.361502	101.153	28378.5	2021-02-01
30	B.1.214.4	1.41246	0.351043	0.354465	0.288409	196.766	2021-02-01
31	B.1.1.522	1.4107	0.347136	0.355879	2531.82	1.30307e+06	2021-02-24
32	AA.7	1.40665	0.346556	0.350705	0.0617504	1622.91	2020-12-06
33	A.27	1.39624	0.338005	0.3444	134.277	184593	2020-12-30
34	B.1.1.374	1.39035	0.334547	0.339413	575.557	463913	2021-01-12
35	AA.5	1.38973	0.335655	0.3374	0.0259562	901.71	2020-12-14
36	B.1.1.519	1.3856	0.332028	0.335076	2694.03	1.11113e+06	2020-11-18
37	A.2.5	1.37917	0.326399	0.331411	998.923	223358	2020-07-13
38	B.1.575	1.37885	0.326794	0.330543	183.6	241219	2020-12-01
39	A.2.5.2	1.37766	0.324664	0.330945	79.5604	48788.7	2021-01-04
40	B.1.36.31	1.37044	0.320661	0.324442	17824	5.49427e+06	2020-10-21
41	AA.4	1.36748	0.319935	0.320843	0.0322282	1640.01	2020-12-02
42	B.1.466.2	1.36156	0.3151	0.317001	299.653	441395	2020-12-17
43	U.1	1.36008	0.31422	0.315712	2.6736	773.507	2021-01-02
44	A.23.1	1.35676	0.310489	0.314557	1240.75	926354	2020-11-11
45	AU.2	1.35581	0.309655	0.313991	196.798	38834.1	2021-01-13
46	A.28	1.34557	0.301158	0.307318	179.311	753037	2021-01-03
47	AU.1	1.33392	0.29317	0.297915	249.609	12421	2021-02-12
48	B.1.177.10	1.33118	0.292033	0.294947	44.4219	1.07499e+06	2020-09-08
49	B.1.531	1.33022	0.28959	0.295939	5.26014e-05	21.1514	2021-01-02
50	AA.3	1.31955	0.284282	0.285147	0.00436498	530.283	2020-11-07
51	B.1.562	1.31805	0.279654	0.287499	0.975758	12575.7	2020-12-14
52	B.1.177.68	1.30765	0.274799	0.276509	0.0463012	3154.43	2021-01-13
53	AA.2	1.30051	0.269402	0.270957	0.0107213	1881.19	2020-12-01
54	B.1.429	1.2936	0.263402	0.266303	90.7853	83700.6	2020-09-12
55	B.1.427	1.29336	0.263136	0.2662	112.847	79950.6	2020-10-24
56	B.1.177.47	1.29331	0.263904	0.265354	0.324294	1062.33	2020-12-05
57	B.1.438.1	1.28818	0.259695	0.261605	85.2108	65568.1	2020-11-04
58	B.1.177.67	1.2801	0.253551	0.255175	0.0740252	6986.73	2020-12-20
59	C.16	1.27953	0.252684	0.255138	354.722	1.15657e+06	2020-10-08
60	B.1.36.24	1.27827	0.252262	0.253589	71.774	23351	2020-11-12
61	B.1.177.63	1.27677	0.251252	0.252264	1.49221	35916.8	2020-11-06
62	B.1.177.76	1.27669	0.250397	0.252992	2.15442	34341.9	2020-12-07
63	AA.8	1.27235	0.24772	0.248845	0.00197026	611.616	2020-12-10
64	B.1.177.73	1.27069	0.245804	0.248156	129.477	1.21486e+06	2020-10-12
65	B.1.177.30	1.2693	0.243714	0.248062	0.000444504	698.606	2020-10-27
66	AA.6	1.26865	0.244728	0.24602	0.00230147	772.955	2020-11-24
67	B.1.480	1.26775	0.241824	0.247512	9.6693	51033.7	2020-07-13
68	B.1.1.413	1.26626	0.240054	0.246918	31.7465	442675	2020-11-02
69	B.1.177.58	1.26325	0.239645	0.242577	0.10581	40505.9	2020-10-11
70	B.1.36.37	1.26161	0.238008	0.241616	0.0172735	7770.19	2020-10-01
71	B.1.622	1.25775	0.231238	0.242252	0.424599	783.758	2021-01-26
72	U.3	1.2565	0.235162	0.236334	3.14953	7083.8	2021-01-23
73	B.1.1.348	1.25514	0.232714	0.236621	283.237	456848	2020-10-31
74	B.1.36.35	1.25495	0.233191	0.235836	33.5855	294038	2020-10-13
75	AB.1	1.2503	0.228015	0.233597	0.294226	5353.79	2020-12-21
76	B.1.36.27	1.24995	0.229483	0.231569	0.886918	4226.36	2020-09-19
77	B.1.524	1.24677	0.226166	0.229784	332.067	408549	2020-09-01
78	P.2	1.24621	0.226456	0.228599	4598.31	6.6443e+07	2020-10-14
79	B.1.243.1	1.24523	0.225475	0.228008	0.0258533	148.735	2021-02-03
80	B.1.177.65	1.24455	0.225401	0.226997	0.0654917	20386.9	2020-09-29
81	B.1.393	1.24237	0.223512	0.225378	656.017	1.01506e+06	2020-08-26
82	B.1.36.7	1.24181	0.222692	0.225296	8.97624	147790	2020-10-31
83	L.3	1.24126	0.220222	0.226878	39.6375	1.62631e+06	2020-12-01
84	B.1.177.48	1.23945	0.221642	0.222538	0.00100107	1049.05	2020-10-07
85	V.2	1.23927	0.220953	0.222926	0.00366939	5612.32	2020-11-05
86	B.1.258.17	1.2375	0.218467	0.222563	788.342	4.60226e+06	2020-09-25
87	AS.1	1.23635	0.217756	0.221406	0.0796693	803.289	2020-11-05
88	B.1.177.16	1.23576	0.2179	0.220308	1.42094	27530.1	2020-09-19
89	B.1.36.2	1.23561	0.216111	0.221856	5.15384e-05	166.828	2020-10-14
90	B.1.177.18	1.23336	0.21579	0.218536	0.0160632	87418.1	2020-09-22
91	B.1.466.1	1.23176	0.211197	0.220534	1.99455	14457.1	2020-11-30
92	B.1.1.330	1.23172	0.214892	0.216775	0.0361068	470.184	2021-01-02
93	B.1.127	1.23117	0.213251	0.217527	1.44172	14112.2	2020-11-02
94	B.1.177.59	1.22899	0.212727	0.214497	0.0622965	5138.01	2020-09-16
95	B.1.177.79	1.22888	0.213153	0.213893	2145.98	1.09649e+06	2020-10-03
96	B.1.177.6	1.22729	0.210227	0.214231	0.570762	9452	2020-10-05
97	AS.2	1.22511	0.207198	0.213706	0.805068	1474.72	2020-10-11
98	B.1.214.1	1.22466	0.208676	0.211485	0.474681	6751.18	2020-12-14
99	B.1.177.5	1.22437	0.209151	0.210542	0.0122482	21511	2020-09-07
100	B.1.438.3	1.22075	0.205336	0.208442	0.00292051	19.8047	2021-02-08
101	B.1.177.89	1.21913	0.204338	0.206774	1.80825	60117	2020-12-23
102	B.1.177.8	1.21808	0.204506	0.204892	23.0059	942165	2020-09-07
103	B.1.221.4	1.2178	0.202612	0.206323	150.868	2.75152e+06	2020-11-18
104	AC.1	1.21733	0.202552	0.205602	7.82321e-06	45.7527	2020-10-21
105	B.1.160.29	1.21547	0.200747	0.204363	16.4187	235628	2020-11-07
106	B.1.1.353	1.21518	0.198904	0.205719	7.47919	97435.2	2020-12-14
107	B.1.408	1.21469	0.200486	0.203337	3.12792	277303	2020-09-04
108	B.1.177.15	1.21434	0.201283	0.201967	0.576145	31356.3	2020-09-10
109	B.1.177.28	1.21253	0.199449	0.200817	1.48754	84239.7	2020-11-30
110	B.1.177.80	1.21122	0.198349	0.199745	7.9323	153722	2020-11-23
111	B.1.563	1.21006	0.195286	0.20089	0.263952	4387.86	2020-12-09
112	B.1.177.86	1.20758	0.195317	0.196768	184.056	3.27015e+06	2020-10-09
113	AM.3	1.20673	0.19207	0.198595	0.293483	4401.02	2020-11-12
114	V.1	1.20591	0.194175	0.195143	0.00688061	5960.41	2020-10-15
115	B.1.177.12	1.20518	0.193191	0.194909	3.1177	84974	2020-09-21
116	B.1.177.41	1.20443	0.192289	0.194563	26.9068	395777	2020-10-26
117	B.1.258.24	1.20437	0.190905	0.195845	13.0879	431300	2021-02-03
118	B.1.177.72	1.20369	0.191845	0.193772	0.674082	119630	2020-11-10
119	B.1.36.39	1.20326	0.190934	0.193984	4.29534	14481.6	2020-10-21
120	B.1.177.9	1.20305	0.191247	0.193308	0.000275881	1414.28	2020-09-24
121	W.4	1.20223	0.190344	0.192861	0.0641961	9770.36	2020-09-11
122	B.1.160.24	1.20194	0.18909	0.193618	0.100573	1951.58	2020-11-30
123	B.1.177.7	1.2015	0.190708	0.191272	19.6296	372729	2020-08-20
124	B.1.177.32	1.20107	0.189883	0.191379	16.4314	1.92576e+06	2020-10-19
125	B.1.177.60	1.2009	0.189966	0.191013	5413.28	4.51084e+06	2020-09-12
126	B.1.177.84	1.20067	0.188329	0.192277	0.18794	8517.56	2020-09-24
127	B.1.1.464.1	1.20015	0.186792	0.192938	0.00870216	5864.31	2020-10-01
128	B.1.1.384	1.19954	0.186441	0.192279	0.338971	10938.9	2020-12-29
129	D.2	1.19885	0.188498	0.189063	0.0567648	20733.6	2020-05-25
130	U.2	1.19881	0.186653	0.190847	3.46568	40278.3	2020-12-07
131	B.1.177.37	1.19855	0.185693	0.191368	1.03702	125513	2020-12-17
132	B.1.177.64	1.19731	0.186619	0.188378	0.0811979	3463.68	2021-01-07
133	B.1.469	1.19699	0.185296	0.189158	16.5387	107929	2020-11-03
134	B.1.177.35	1.19632	0.186331	0.187019	10.4275	255835	2020-10-26
135	B.1.177.54	1.19567	0.185687	0.186571	0.147467	61729.5	2020-09-16
136	N.9	1.19526	0.184236	0.187334	191.435	4.80703e+06	2020-12-03
137	C.1.1	1.19508	0.182992	0.188277	0.00321481	2757.41	2020-11-25
138	AM.4	1.19418	0.18349	0.186276	0.0629178	7400.87	2020-11-01
139	B.1.177.74	1.19295	0.182969	0.184729	0.684034	79813.7	2020-12-15
140	B.1.221.3	1.19287	0.182209	0.18536	0.596816	12910.9	2020-09-14
141	B.1.177.4	1.19285	0.182979	0.184547	1.96678	84716.3	2020-09-09
142	B.1.1.487	1.19244	0.181287	0.185551	0.41387	20115.9	2020-07-08
143	B.1.36.36	1.19174	0.18129	0.184382	0.0412493	18436.5	2020-09-19
144	B.1.177.85	1.19084	0.181456	0.182697	0.255652	44848.3	2020-11-07
145	B.1.160.7	1.1904	0.181123	0.182305	0.0316007	4692.48	2020-10-06
146	B.1.177	1.18984	0.181018	0.181464	5637.29	9.17087e+07	2020-03-12
147	B.1.1.351	1.18924	0.177599	0.183866	4.82574	187638	2020-10-12
148	B.1.1.214	1.18889	0.179373	0.181503	19.6719	274145	2020-06-22
149	B.1.177.51	1.18849	0.179596	0.180609	5.07082	1.04457e+06	2020-11-02
150	B.1.1.328	1.18805	0.178132	0.181334	7.69978	74933.2	2020-12-30
151	B.1.177.81	1.18773	0.178685	0.180253	2091.66	9.26251e+06	2020-09-02
152	B.1.177.61	1.1873	0.176057	0.182141	0.461352	165308	2020-12-05
153	AA.1	1.18722	0.178501	0.179561	2.25637	457011	2020-11-03
154	Z.1	1.1871	0.178135	0.179731	9.33264	936849	2020-08-18
155	B.1.460	1.18706	0.176421	0.181378	0.0631302	1396.91	2020-10-17
156	B.1.177.87	1.18682	0.177947	0.179456	903.129	2.87073e+06	2020-08-29
157	B.1.177.39	1.18617	0.177089	0.179208	0.0979105	4806.2	2020-10-13
158	B.1.177.19	1.18564	0.177211	0.17819	0.257987	7723.32	2020-09-10
159	N.5	1.18525	0.175588	0.179166	315.553	708461	2020-05-25
160	C.36.1	1.18445	0.174781	0.178624	0.210218	6742.59	2020-10-01
161	B.1.258.14	1.18398	0.175625	0.176986	6.61824	362398	2020-10-26
162	B.1.1.433	1.18205	0.170438	0.178905	1.68902	43513.5	2020-08-17
163	B.1.177.42	1.18144	0.172839	0.175476	0.155522	9347.5	2020-11-02
164	B.1.177.69	1.18084	0.17284	0.174454	0.0470226	13936.2	2020-10-02
165	B.1.36.18	1.18023	0.170896	0.175357	74.6992	4.62313e+06	2020-08-25
166	B.1.551	1.18007	0.172051	0.173941	73.6479	149431	2020-11-15
167	B.1.258.16	1.18002	0.171598	0.174302	0.510833	36942.7	2020-11-30
168	B.1.177.29	1.17999	0.171583	0.174277	0.082709	8236.72	2020-12-18
169	B.1.160.21	1.17831	0.169216	0.173792	0.00340271	835.439	2020-12-02
170	B.1.1.355	1.1775	0.169594	0.172034	0.076124	5946.7	2020-10-05
171	B.1.160.33	1.17715	0.169938	0.171088	0.0467418	3587.23	2020-11-05
172	B.1.177.82	1.17635	0.169091	0.170575	214.398	1.8672e+06	2020-08-30
173	B.1.160.26	1.17494	0.167408	0.169865	2.6074	244235	2020-10-26
174	B.1.177.57	1.17355	0.166473	0.16843	0.758775	157357	2020-08-24
175	B.1.160.11	1.17214	0.16483	0.167669	6.29707	138189	2020-11-07
176	B.1.258.4	1.17201	0.16433	0.167945	4.71277e-05	536.833	2020-09-23
177	AP.1	1.1717	0.162563	0.169182	0.582472	33775.3	2020-09-23
178	B.1.177.17	1.17128	0.16442	0.166611	0.358394	54216.6	2020-08-26
179	B.1.160.19	1.17126	0.16388	0.167125	0.0644406	5348.7	2020-12-28
180	B.1.160.13	1.1703	0.162797	0.166564	0.474962	15476.8	2020-12-12
181	B.1.177.52	1.1699	0.163427	0.165244	2.67667	224713	2020-09-28
182	B.1.429.1	1.16964	0.161105	0.167128	0.00348936	41.9421	2021-01-28
183	B.1.604	1.16949	0.16162	0.166357	0.00370348	153.277	2020-10-30
184	B.1.177.34	1.16907	0.160651	0.1666	0.0205276	1531.11	2020-12-08
185	B.1.1.141	1.1686	0.161845	0.164605	38.1874	263159	2020-09-30
186	B.1.1.333	1.16853	0.160361	0.165971	5.16917	128288	2020-11-24
187	B.1.1.517	1.16741	0.160386	0.164038	0.381279	3956.02	2020-12-26
188	B.1.568	1.16723	0.159496	0.164608	0.0934592	1469.49	2020-11-04
189	B.1.177.20	1.16579	0.159738	0.161901	0.169124	13500.4	2020-09-19
190	B.1.346	1.16544	0.159256	0.16179	0.281893	7638.11	2020-08-21
191	B.1.177.26	1.16504	0.157913	0.162441	1.02561e-05	242.689	2020-10-10
192	B.1.177.62	1.165	0.159205	0.161073	17.0458	656233	2020-11-21
193	B.1.534	1.16452	0.157794	0.16167	0.00514714	331.454	2020-11-30
194	B.1.160.9	1.16266	0.155143	0.161113	1.53156	802604	2020-12-01
195	B.1.36.34	1.16248	0.154876	0.161072	0.0710916	14309.1	2020-09-09
196	W.3	1.1622	0.156857	0.15861	0.0158649	3031.36	2020-09-10
197	B.1.177.45	1.16203	0.156216	0.15897	0.0292764	10263.7	2020-09-16
198	B.1.177.77	1.16197	0.156639	0.158433	4280.19	2.12849e+07	2020-09-19
199	B.1.564.1	1.16163	0.15656	0.157927	0.0364607	18495.6	2020-09-20
200	Y.1	1.16033	0.154655	0.157588	0.019218	18985.7	2020-11-10
201	B.1.177.49	1.15906	0.15455	0.155507	2.77238	696798	2020-12-20
202	B.1.177.71	1.15866	0.154023	0.155349	0.543241	41528.6	2020-11-11
203	B.1.160.15	1.15857	0.154062	0.155145	2.03101	126830	2020-10-17
204	B.1.160.10	1.15829	0.152658	0.156072	0.397748	64544.6	2020-11-04
205	B.1.160.16	1.15791	0.153476	0.154607	19.061	984684	2020-10-14
206	B.1.1.312	1.15774	0.152051	0.155732	0.275957	249551	2020-08-25
207	B.1.36.9	1.15728	0.151378	0.155612	3.65167	188564	2020-09-16
208	B.1.1.182	1.15599	0.150389	0.154374	0.000260881	1533.5	2020-09-14
209	B.1.1.332	1.15567	0.150188	0.154021	27.2467	342247	2020-07-23
210	A.21	1.15559	0.14998	0.154087	136.861	798701	2020-08-10
211	B.1.177.21	1.15557	0.151802	0.152227	11.0746	525580	2020-08-24
212	B.1.240.2	1.15499	0.148972	0.154046	5.37034e-06	69.5711	2020-09-18
213	B.1.177.88	1.1545	0.149194	0.15299	1.06669	121364	2021-01-09
214	B.1.177.56	1.1544	0.150457	0.151551	0.0150214	45880.3	2020-08-21
215	B.1.258.19	1.15365	0.148675	0.152035	0.0219577	1234.98	2020-11-23
216	B.1.258.7	1.1521	0.148205	0.149805	0.0200051	12249.8	2020-09-12
217	B.1.258.20	1.15167	0.147085	0.150183	40.1966	2.66802e+06	2020-11-11
218	B.1.1.315	1.15163	0.147628	0.149576	0.0654728	29743	2020-08-29
219	B.1.1.343	1.15068	0.146907	0.14864	0.00161199	1441.37	2020-11-01
220	B.1.36.33	1.15028	0.142989	0.151859	0.589565	76417.3	2020-10-26
221	B.1.177.66	1.15001	0.144178	0.1502	0.000872513	1694.57	2020-11-02
222	B.1.177.2	1.14872	0.145202	0.146941	0.0146951	3995.04	2020-09-24
223	B.1.601	1.14814	0.143537	0.147599	0.125352	911.529	2020-11-13
224	B.1.1.317	1.14792	0.143715	0.147037	158.475	3.82982e+06	2020-04-29
225	AD.1	1.14741	0.14287	0.146984	0.0140711	1760.65	2020-11-09
226	B.1.36.16	1.14728	0.143724	0.145905	117.977	1.67426e+06	2020-06-08
227	B.1.362.2	1.14715	0.142615	0.146794	0.00838839	6006.95	2020-09-16
228	B.1.36.28	1.14702	0.143006	0.146166	7.21075e-06	308.931	2020-09-10
229	B.1.258.5	1.14677	0.142915	0.145827	1.36946e-05	245.581	2020-09-25
230	B.1.177.40	1.14652	0.143706	0.144601	2.95706	283869	2020-10-26
231	W.2	1.14543	0.142531	0.14388	20.4879	1.15482e+06	2020-10-27
232	B.1.177.55	1.14523	0.14234	0.143715	0.0858608	14621.2	2020-09-10
233	AH.1	1.14445	0.141397	0.143285	0.0262454	11733.1	2020-11-05
234	AK.1	1.14443	0.140515	0.144136	0.00631626	966.028	2020-09-20
235	B.1.177.11	1.14388	0.140417	0.143269	0.249176	32652.7	2020-09-14
236	B.1.160.12	1.14383	0.140587	0.143024	6.59332	191102	2020-11-09
237	B.1.1.240	1.14297	0.139994	0.142114	0.40615	196017	2020-09-06
238	B.1.177.43	1.14247	0.139809	0.141421	2.54103	393894	2020-10-05
239	B.1.160.28	1.14229	0.139301	0.141608	11.1815	1.67319e+06	2020-10-06
240	B.1.36.38	1.14133	0.138649	0.140575	45.6921	3.9501e+06	2020-07-01
241	B.1.258.10	1.14128	0.138387	0.140756	0.000470147	1614.23	2020-09-21
242	B.1.470	1.14102	0.137081	0.141605	8.24625	360616	2020-05-19
243	B.1.177.83	1.141	0.138755	0.139902	5.16298	2.06922e+06	2020-09-14
244	B.1.258.6	1.14085	0.13856	0.139836	0.0153867	911.343	2020-09-25
245	B.1.258.21	1.14081	0.138422	0.139895	0.279305	51582.6	2020-11-09
246	D.5	1.1407	0.13792	0.140207	2.4424	129266	2020-11-16
247	B.1.1.196	1.14069	0.137846	0.140271	2.76711e-05	673.837	2020-09-19
248	B.1.1.377	1.14033	0.136873	0.140601	0.183836	17923.1	2020-10-26
249	B.1.177.31	1.13983	0.13785	0.138751	0.428743	53037.9	2020-11-12
250	B.1.221	1.13956	0.137073	0.139058	8022.64	7.31285e+07	2020-05-01
251	B.1.177.75	1.13941	0.137597	0.138269	33.2515	5.31743e+06	2020-09-20
252	B.1.1.397	1.13937	0.137188	0.138606	45.955	371454	2020-10-05
253	B.1.411	1.13918	0.13588	0.139573	67.7738	72534.3	2020-10-23
254	B.1.258.23	1.13883	0.13481	0.140033	0.00173433	70.0962	2020-12-14
255	B.1.258.11	1.13764	0.134257	0.138505	0.269753	44061.1	2020-09-21
256	B.1.258	1.13746	0.135638	0.136791	12049.2	4.44586e+07	2020-05-13
257	AM.1	1.13742	0.134301	0.138067	0.000894942	2121	2020-11-09
258	B.1.1.204	1.13732	0.134964	0.137227	1.17744	103271	2020-09-15
259	C.19	1.13722	0.133281	0.138728	0.0013136	178.228	2020-12-07
260	B.1.474	1.13679	0.132491	0.138767	4.38447	384301	2020-10-13
261	B.1.530	1.13633	0.133287	0.137162	0.345953	9987.41	2020-11-08
262	B.1.258.12	1.13619	0.133863	0.136343	0.02502	4598.12	2020-10-06
263	AL.1	1.13563	0.132964	0.136244	0.0447189	985.975	2020-11-01
264	B.1.160.14	1.13532	0.133612	0.135051	1.5428	472351	2020-09-29
265	B.1.1.368	1.13501	0.133103	0.135018	1.0203	24883.5	2020-11-10
266	B.1.36.25	1.13492	0.130376	0.137598	0.0260325	2469.64	2020-11-02
267	B.1.177.38	1.1349	0.132959	0.134969	0.166164	49032.5	2020-10-10
268	B.1.603	1.13362	0.127495	0.138171	0.00783466	261.847	2020-12-14
269	M.2	1.13355	0.131248	0.134303	0.0139292	1979	2020-11-03
270	B.1.1.415	1.1332	0.13016	0.13478	0.00878974	4255.76	2020-12-30
271	AE.5	1.13307	0.131703	0.132998	0.000916554	5050.96	2020-07-03
272	B.1.1.153	1.13286	0.131206	0.133122	2261.83	5.20835e+06	2020-10-05
273	B.1.1.393	1.13279	0.129943	0.134257	0.0859674	58079.4	2020-11-04
274	B.1.1.311	1.13265	0.130991	0.132975	0.117039	15229.8	2020-08-09
275	B.1.1.193	1.13197	0.128603	0.134155	2.32499e-07	13.562	2020-09-30
276	B.1.1.451	1.13152	0.129059	0.132903	0.0629042	4524.88	2020-10-21
277	B.1.497	1.1312	0.12987	0.13153	67.8519	95075.8	2020-05-07
278	B.1.523	1.13102	0.129159	0.131914	2.3497	157455	2020-06-19
279	AJ.1	1.13088	0.129007	0.131832	0.00127702	3602.38	2020-11-12
280	B.1.160	1.13086	0.129882	0.130924	6688.16	8.43161e+07	2020-07-01
281	B.1.1.236	1.13057	0.128497	0.131787	0.96628	20448.4	2020-09-24
282	M.3	1.13019	0.126847	0.132775	0.0748799	650.061	2020-10-21
283	B.1.177.50	1.12981	0.129229	0.129719	8.51736	2.66481e+06	2020-08-02
284	B.1.596	1.12924	0.128026	0.129899	86.2405	80632.7	2020-06-05
285	B.1.131	1.12913	0.127569	0.130163	0.8155	74213.4	2020-09-19
286	B.1.160.8	1.12899	0.126911	0.130577	0.407988	29488.4	2020-10-12
287	B.1.160.25	1.12877	0.126254	0.130838	0.306209	196684	2021-01-08
288	B.1.585	1.1286	0.12694	0.129853	0.000482014	45.4536	2020-10-21
289	N.7	1.12844	0.12732	0.129188	0.0586831	30057.8	2020-06-18
290	B.1.1.445	1.12753	0.125738	0.129166	0.0200034	4898.58	2020-12-17
291	B.1.36.17	1.12733	0.126992	0.127557	21.9484	862702	2020-07-26
292	B.1.258.18	1.12716	0.124728	0.129516	0.00604142	1363.77	2020-10-15
293	B.1.1.243	1.12669	0.124982	0.128433	4.82717	340181	2020-09-11
294	B.1.258.3	1.12598	0.123456	0.128693	1.00093	280504	2020-08-09
295	B.1.1.428	1.12576	0.125642	0.126113	0.284931	31220.3	2020-11-30
296	B.1.258.15	1.12544	0.123532	0.127652	0.0379492	4390.89	2020-11-30
297	B.1.221.1	1.12493	0.123353	0.12693	5.22162	758910	2020-08-26
298	B.1.177.70	1.12454	0.123794	0.125791	0.00381064	719.334	2020-11-16
299	C.30	1.12377	0.122935	0.125289	1.43913	327536	2020-08-10
300	B.1.160.17	1.12336	0.121941	0.12555	0.0197621	4644.29	2020-11-16
301	B.1.561	1.12322	0.12141	0.125834	1.21592	49231.9	2020-07-08
302	B.1.36.1	1.12312	0.122682	0.124376	11.7051	829424	2020-08-11
303	B.1.404	1.12279	0.121228	0.125243	0.281127	12368.2	2020-10-21
304	B.1.177.53	1.12274	0.122678	0.123712	3.08041	2.35803e+06	2020-08-13
305	B.1.362.1	1.12191	0.119723	0.125191	2.36304e-07	18.8922	2020-09-30
306	B.1.1.336	1.12156	0.12164	0.122649	6.61885	77693.1	2020-11-09
307	B.1.1.507	1.12124	0.12138	0.122324	0.00136861	28823.9	2020-09-23
308	R.2	1.12121	0.120081	0.123571	0.0088463	517.552	2021-01-08
309	AM.2	1.12054	0.11925	0.123204	0.000113402	219.277	2020-11-01
310	B.1.588	1.12032	0.120339	0.121736	0.233081	12112.5	2020-05-11
311	B.1.438	1.11976	0.11986	0.121214	1.48266	45981.2	2020-08-26
312	AD.2	1.11975	0.119422	0.121633	0.677893	64321.6	2020-08-02
313	B.1.221.2	1.11957	0.118299	0.122434	4.59948	544238	2020-10-14
314	B.1.177.36	1.11952	0.119627	0.121018	0.0714742	15395.5	2020-10-28
315	B.1.160.23	1.11945	0.118491	0.122031	0.000728082	1047.81	2020-09-20
316	B.1.214	1.11932	0.118537	0.121755	0.720822	157171	2020-05-06
317	B.1.1.165	1.11882	0.11843	0.120955	1.46939e-05	100.853	2020-09-07
318	B.1.2	1.11857	0.118594	0.120345	43.9776	2.4105e+06	2020-03-18
319	B.1.597	1.11803	0.11813	0.119846	0.691401	224915	2020-07-12
320	B.1.1.456	1.11761	0.115084	0.122135	0.000766302	9584.32	2020-06-18
321	B.1.1.25	1.11741	0.11807	0.1188	8.29549	812597	2020-04-17
322	C.17	1.11739	0.117665	0.119164	0.169942	6986.57	2020-07-11
323	AH.2	1.11735	0.116773	0.11998	0.020947	7489.38	2020-08-20
324	B.1.1.327	1.11668	0.114721	0.120845	0.00504071	1209.3	2020-11-22
325	B.1.258.22	1.1164	0.114954	0.120113	7.03205	1.24278e+06	2020-12-22
326	B.1.1.345	1.11612	0.115116	0.119447	0.000140519	18.2708	2020-12-31
327	C.2.1	1.11601	0.11551	0.118842	0.0132849	2234.84	2021-01-19
328	G.1	1.11595	0.114842	0.11941	2.67863e-06	68.016	2020-09-21
329	B.1.596.1	1.11546	0.113645	0.119735	0.0384607	1708.92	2020-10-07
330	B.1.177.3	1.11541	0.115967	0.117314	7.25879e-05	1151.97	2020-09-16
331	AH.3	1.11509	0.11365	0.119057	0.0135333	6703.53	2020-11-14
332	AQ.1	1.11488	0.114835	0.117506	0.000541037	251.596	2020-11-26
333	B.1.1.452	1.11446	0.115164	0.116424	0.859672	12208.5	2020-09-10
334	B.1.417	1.11419	0.114303	0.1168	0.0253386	29857.9	2020-07-18
335	B.1.553	1.11416	0.113451	0.117597	0.0298252	11075.8	2020-10-06
336	B.1.36.26	1.11413	0.113356	0.117629	0.0220054	9736.28	2020-09-01
337	A.12	1.11376	0.113837	0.116484	3.71269e-08	1565.95	2020-04-10
338	B.1.1.316	1.11292	0.112995	0.115825	0.525767	13753.4	2020-10-06
339	B.1.1.500	1.11249	0.11336	0.11468	0.121631	39707.6	2020-08-22
340	B.1.36	1.11235	0.113588	0.114201	2007.65	9.69946e+07	2020-03-18
341	AF.1	1.11219	0.112997	0.11451	0.0635996	8192.31	2020-07-12
342	B.1.177.44	1.1118	0.113011	0.113798	6.30906	2.04961e+06	2020-08-24
343	B.1.1.387	1.11011	0.111457	0.112307	1.89665	24839.6	2020-08-04
344	B.1.1.371	1.11	0.110622	0.112941	0.717391	237876	2020-06-23
345	B.1.160.31	1.10993	0.110909	0.112525	0.440491	131012	2020-11-06
346	B.1.1.307	1.10949	0.110115	0.112531	1.48261	103453	2020-08-11
347	B.1.471	1.10935	0.110703	0.11169	2.04725	91900.3	2020-04-23
348	B.1.234	1.1092	0.109337	0.11279	0.564465	156908	2020-06-29
349	B.1.1.341	1.10912	0.108851	0.113122	1.90292e-05	21.1879	2020-09-15
350	B.1.438.2	1.10893	0.109421	0.112209	0.00613266	1326.8	2021-01-08
351	B.1.160.20	1.10892	0.109537	0.112077	0.116384	52053.2	2020-10-27
352	B.1.1.308	1.10876	0.109206	0.112119	4.76829e-06	123.751	2020-09-15
353	B.1.1.435	1.10847	0.108926	0.111879	2.75848	37529.3	2020-11-09
354	B.1.517	1.10847	0.109237	0.11156	0.130658	15221.4	2020-08-29
355	B.1.1.389	1.10812	0.108228	0.111948	4.67789	109876	2020-07-16
356	B.1.236	1.10809	0.109148	0.110968	1.79777	661750	2020-07-06
357	C.36.2	1.10801	0.108421	0.111555	0.0501983	12150.9	2020-11-07
358	B.1.160.27	1.10781	0.108148	0.111467	0.000778114	1404.91	2021-01-07
359	B.1.398	1.10741	0.108115	0.110773	3.2847	534714	2020-07-01
360	B.1.1.216	1.10718	0.108811	0.109669	743.75	2.73127e+07	2020-05-12
361	B.1.160.22	1.10717	0.108416	0.110048	1.12483	325165	2020-10-30
362	B.1.1.28	1.10705	0.108597	0.109645	534.29	8.19982e+07	2020-03-16
363	B.1.177.78	1.10705	0.105741	0.112491	0.138596	45174.9	2020-12-30
364	B.1.1.37	1.107	0.108344	0.109808	6.85466	2.04469e+06	2020-04-20
365	B.1.1.354	1.10671	0.108153	0.109472	25.5607	4.38356e+06	2020-07-26
366	B.1.456	1.1066	0.107769	0.109659	0.619959	28318.8	2020-08-11
367	B.1.177.25	1.10655	0.106333	0.111	0.0401389	23852.3	2020-10-27
368	W.1	1.10626	0.10778	0.109025	0.0448612	94048.4	2020-10-24
369	B.1.1.159	1.10591	0.105323	0.11085	28.9405	228458	2020-09-28
370	B.1.36.21	1.10566	0.10608	0.10964	0.365134	53299.5	2020-10-29
371	B.1.1.234	1.10505	0.103969	0.110659	0.0248647	8614.33	2020-09-03
372	B.1.1.396	1.10491	0.106561	0.107807	0.876122	14266.8	2020-07-30
373	B.1.533	1.10489	0.10688	0.107448	7.5428	364528	2020-04-30
374	B.1.1.416	1.10486	0.106171	0.108102	0.245483	20525.4	2020-07-21
375	B.1.1.286	1.10477	0.104862	0.109255	0.000115914	751.254	2020-07-02
376	B.1.588.1	1.10314	0.104221	0.10694	0.0592431	87076	2020-11-28
377	AE.6	1.10276	0.10443	0.106046	0.289721	24685	2020-10-13
378	B.1.389	1.10264	0.102834	0.107414	0.234612	129398	2020-08-08
379	C.2	1.10172	0.10298	0.105611	0.00232561	22370.6	2020-07-03
380	B.1.149	1.10148	0.103181	0.104978	66.4936	205727	2020-04-13
381	B.1.160.30	1.10144	0.103664	0.104423	3.57695	434948	2020-08-21
382	B.1.1.170	1.10096	0.102745	0.104466	13.0293	2.24679e+06	2020-07-27
383	B.1.1.67	1.10041	0.102403	0.103812	0.0187296	3306.25	2020-06-16
384	A.23	1.09976	0.100615	0.104414	2.16015	895256	2020-08-15
385	AE.4	1.09928	0.100421	0.103737	0.152292	14114.2	2020-10-11
386	B.1.536	1.09911	0.0988846	0.104954	0.0180762	2062.82	2020-11-04
387	B.1.1.429	1.09882	0.100497	0.102821	0.265748	24665.9	2020-09-25
388	B.1.1.407	1.09839	0.100872	0.101652	1.47416	26873.2	2020-09-06
389	B.1.468	1.09686	0.0986682	0.101077	2.71564	541754	2020-06-13
390	B.1.539	1.09683	0.0987208	0.100976	0.000445461	50.3965	2020-11-10
391	B.1.160.32	1.09565	0.0983222	0.0992208	0.278027	111200	2020-10-19
392	B.1.1.222	1.09557	0.0982455	0.0991511	5.70415	463471	2020-05-01
393	B.1.1.405	1.09548	0.0978477	0.0993714	0.0879853	19719.6	2020-09-20
394	C.4	1.09533	0.0973183	0.0996397	0.106757	68672.7	2020-08-13
395	B.1.1.138	1.09511	0.0969659	0.0995823	1.33604e-06	240.894	2020-07-03
396	D.3	1.0947	0.0974432	0.0983549	0.000708016	836.803	2020-06-25
397	B.1.466	1.0946	0.0964122	0.0992006	0.129801	33196.8	2020-06-13
398	B.1.1.207	1.09441	0.0965814	0.0986914	0.109771	5151.21	2020-09-10
399	B.1.1.382	1.09436	0.0963735	0.0988131	0.000799305	86470.4	2020-09-23
400	B.1.1.284	1.09383	0.0955123	0.0986939	0.682055	104285	2020-06-01
401	B.1.232	1.09303	0.0946541	0.0981008	0.480789	28302.3	2020-04-13
402	B.1.505	1.09301	0.0952167	0.0974934	0.085443	119418	2020-07-05
403	C.21	1.09288	0.0947292	0.0977527	0.0490193	190853	2020-09-15
404	B.1.549	1.09263	0.0924706	0.0995482	0.146536	12086.9	2020-10-14
405	B.1.1.303	1.09247	0.0928694	0.0988635	0.00234253	1068.03	2020-06-30
406	B.1.1.130	1.09239	0.0943546	0.0972283	4.00692e-07	88.4675	2020-08-10
407	B.1.311	1.0921	0.093577	0.0974747	0.127671	30624.3	2020-04-28
408	B.4.8	1.09177	0.0927954	0.0976532	0.122864	115127	2020-07-13
409	B.1.36.20	1.09144	0.0939733	0.0958672	0.0655325	27370.2	2020-08-26
410	B.1.203	1.09141	0.0927457	0.0970311	0.216582	22016.3	2020-07-05
411	B.1.532	1.0914	0.0935582	0.096205	2.31264e-06	316.756	2020-07-17
412	C.31	1.09138	0.092221	0.0975105	0.000424145	110.125	2020-10-27
413	B.1.36.19	1.09065	0.0935846	0.0948035	0.33406	69579.4	2020-10-12
414	B.1.362	1.09018	0.0927189	0.0948107	0.195187	1.14672e+06	2020-06-04
415	B.1.438.4	1.09015	0.0909894	0.0964781	0.00059469	75.3427	2020-11-11
416	B.1.1.400	1.08991	0.092892	0.0941471	0.0029045	106850	2020-04-10
417	C.29	1.08921	0.0918241	0.0939211	0.280899	12247.6	2020-07-23
418	B.1.1.427	1.08895	0.0900022	0.0952635	0.456428	9868.72	2020-09-19
419	D.4	1.08868	0.0913048	0.0934773	2.26636e-05	1048.68	2020-08-15
420	B.1.160.18	1.08819	0.0890168	0.0948607	0.0197101	5558.86	2021-01-07
421	B.1.177.33	1.08792	0.0904219	0.0929463	0.644663	610029	2020-09-10
422	B.1.459	1.08695	0.0901882	0.0913966	1.92533	151989	2020-06-22
423	B.1.1.518	1.08669	0.0880179	0.0930897	0.101257	3699.05	2020-10-23
424	B.1.499.1	1.08664	0.0887306	0.0922928	2.17329e-05	5.58122	2020-11-30
425	B.1.369.1	1.08648	0.0856307	0.0950972	0.00204813	167.229	2020-12-31
426	B.1.1.381	1.08647	0.0894913	0.0912195	0.0782223	15034.6	2020-08-28
427	B.1.1.349	1.08629	0.0888753	0.0915019	238.974	378618	2020-08-10
428	B.1.1.417	1.08628	0.087909	0.0924562	0.027854	10219.6	2020-05-01
429	B.1.1.12	1.08599	0.0895794	0.0902551	0.160445	23554.5	2020-06-21
430	B.1.599	1.08584	0.0887525	0.0908031	0.0888406	2458.98	2020-07-28
431	B.1.416.1	1.08583	0.0891339	0.0903945	0.668151	480194	2020-08-01
432	AE.8	1.08492	0.0869633	0.0909	0.900179	36172.7	2020-08-13
433	B.1.409	1.0847	0.086349	0.091093	0.0853406	8805.06	2020-10-23
434	B.1.1.335	1.08412	0.0874846	0.0888852	0.00622167	1402.94	2020-06-27
435	M.1	1.08378	0.0846672	0.0910783	0.0248494	71249.7	2020-12-24
436	B.1.1.373	1.08319	0.0864096	0.0882517	232.995	344813	2020-09-04
437	B.1.237	1.08283	0.0862463	0.0877541	0.0187278	343985	2020-07-18
438	B.1.587	1.08249	0.0845037	0.0888746	0.0906983	2725.9	2020-09-04
439	B.1.1.418	1.08247	0.08521	0.0881282	9.78559e-05	60.6439	2020-11-06
440	B.1.1.483	1.08231	0.0842357	0.0888088	0.0284028	37865.5	2020-12-10
441	B.1.1.274	1.08218	0.0858346	0.0869587	264.337	884308	2020-04-18
442	B.1.1.444	1.08157	0.0849834	0.0866864	4.41601e-05	2108.91	2020-07-27
443	B.1.1.322	1.08148	0.0853166	0.0861776	0.135182	11179.4	2020-08-22
444	B.1.235	1.0813	0.0834123	0.0877632	0.0239422	905.95	2020-06-13
445	AE.7	1.08121	0.0824926	0.0885183	0.0742698	10994.5	2020-10-13
446	B.1.1.486	1.081	0.0831882	0.0874323	0.242534	8119.1	2020-11-02
447	B.1.1.50	1.08087	0.0843691	0.0860082	0.0519239	3.79344e+06	2020-06-22
448	B.1.1.432	1.08064	0.0844318	0.0855179	0.575406	59417.4	2020-07-08
449	B.1.170	1.08054	0.0840878	0.0856717	0.14475	67382.3	2020-05-13
450	B.1.1.84	1.0804	0.0841785	0.0853232	0.000101241	5065.11	2020-06-25
451	B.1.1.74	1.08021	0.0834983	0.0856634	0.200747	61775.4	2020-05-30
452	B.1.1.157	1.08017	0.0834588	0.0856231	1.1809	50995.9	2020-06-29
453	A.25	1.08014	0.0836552	0.0853651	0.00238532	2145.29	2020-07-04
454	B.1.1.297	1.08008	0.0835449	0.0853581	5.23635	5.43424e+06	2020-08-01
455	B.1.1.309	1.08006	0.0840898	0.0847914	6.44791e-07	211.76	2020-08-18
456	B.1.177.24	1.0799	0.0834843	0.0851011	0.228205	98135.4	2020-08-31
457	C.10	1.07965	0.0831618	0.0849586	7.17497e-09	101108	2020-04-22
458	B.1.1.198	1.07926	0.082025	0.0853751	0.334098	159818	2020-03-28
459	B.1.400	1.07917	0.0816396	0.0855777	0.120167	13109.1	2020-05-05
460	B.1.1.516	1.07889	0.0824965	0.084202	0.202198	10279.7	2020-06-02
461	B.1.1.465	1.07883	0.0827111	0.0838898	0.000162138	178.465	2020-04-23
462	B.1.1.44	1.07874	0.0813541	0.0850737	35.4645	618862	2020-06-12
463	B.1.1.39	1.07863	0.0824213	0.0837986	14.3957	3.21517e+06	2020-07-07
464	B.1.1.294	1.0783	0.0820655	0.083545	7.5857	751428	2020-05-29
465	B.1.1.229	1.07814	0.0812542	0.084056	0.33301	1.17563e+06	2020-08-25
466	B.1.1.385	1.07798	0.0816946	0.0833245	0.687891	199672	2020-09-29
467	B.1.1.352	1.07789	0.0811679	0.0836872	0.000779861	529.317	2020-10-12
468	C.33	1.07744	0.0816632	0.0823519	0.00136839	9215.14	2020-06-17
469	C.34	1.07735	0.0816436	0.0822156	0.00129947	171.846	2020-08-07
470	C.22	1.07729	0.0810181	0.0827277	0.37803	17215.3	2020-04-17
471	B.1.1.425	1.07716	0.0781655	0.0853262	0.011885	3763.12	2020-09-01
472	B.1.527	1.07714	0.0800359	0.0834249	0.513664	188412	2020-07-26
473	B.1.1.434	1.07711	0.0793475	0.0840488	1.77575	94691.4	2020-08-28
474	B.1.36.22	1.07579	0.0793071	0.081644	6.8312	2.77768e+06	2020-07-07
475	B.1.1.362	1.07577	0.079213	0.0817053	0.0229931	2424.25	2020-10-08
476	B.1.264.1	1.07561	0.0790566	0.0815611	0.422079	21641.7	2020-09-08
477	AG.1	1.07561	0.0791242	0.0814891	0.0141854	5602.63	2020-09-17
478	B.1.375	1.07506	0.0777776	0.0818195	0.0634811	182029	2020-10-26
479	B.1.428.2	1.07474	0.0780491	0.0809553	0.170441	21958.7	2020-08-11
480	B.1.1.133	1.07457	0.0787416	0.0799445	0.00871409	16294.6	2020-05-16
481	B.1.1.219	1.07457	0.0768326	0.0818496	0.754213	589153	2020-09-07
482	B.1.560	1.07453	0.0787861	0.0798263	17.365	2.09513e+06	2020-07-10
483	B.1.544	1.07452	0.0768217	0.0817672	0.0119782	10221.1	2020-09-05
484	B.1.1.337	1.07408	0.0758904	0.0818846	0.00263254	479.387	2020-08-23
485	B.1.499	1.0739	0.0782472	0.0791839	22.5829	1.02498e+06	2020-04-08
486	B.1.1.58	1.07335	0.0769009	0.0795043	0.177209	79400.3	2020-07-20
487	AE.2	1.07295	0.0771289	0.0785321	0.0647427	12236.5	2020-08-26
488	B.1.126	1.07284	0.0756109	0.079841	0.0308217	3523.78	2020-05-14
489	B.1.1.255	1.07244	0.0762624	0.0784523	0.019898	869.942	2020-06-13
490	B.1.1.310	1.07205	0.0766639	0.0773252	0.0101567	9958.45	2020-04-17
491	B.1.265	1.07191	0.0763391	0.0773857	0.0350858	2903.7	2020-07-19
492	C.35	1.07188	0.0758008	0.0778625	1.66576	1.3946e+06	2020-06-22
493	B.1.1.279	1.07165	0.074593	0.0786431	4.37524e-05	1604.65	2020-03-30
494	B.1.605	1.07148	0.0741002	0.0788175	0.00568129	1843.98	2020-11-05
495	B.1.243	1.07142	0.0761531	0.0766504	1.86644	288098	2020-04-08
496	B.1.1.394	1.07128	0.0748374	0.0777214	0.00061266	9090.03	2020-08-22
497	B.1.1.424	1.07112	0.0746453	0.0776058	0.961746	33290.1	2020-06-22
498	B.1.1.70	1.07112	0.0756461	0.0766022	4.14081	2.81099e+06	2020-03-28
499	B.1.36.29	1.07091	0.0733975	0.0784656	552.974	2.2317e+07	2020-07-01
500	C.23	1.07074	0.0746426	0.076904	0.0390534	21422	2020-08-31
501	B.1.1.241	1.07059	0.0750934	0.0761587	0.247211	233300	2020-08-05
502	B.1.36.23	1.07055	0.0731202	0.0780692	0.00972134	4492.52	2020-08-04
503	C.5	1.07024	0.0716834	0.0789164	0.0218169	8885.93	2020-09-07
504	B.1.1.152	1.06994	0.0733462	0.0766972	0.834625	34595.6	2020-09-03
505	B.1.1.121	1.06992	0.074876	0.0751269	0.0261054	13561.2	2020-05-01
506	C.30.1	1.06989	0.0732946	0.0766591	0.0027627	1531.86	2020-10-12
507	B.1.1.242	1.06967	0.0728735	0.0766768	0.00227346	4499.4	2020-07-25
508	B.1.1.412	1.06967	0.0742524	0.0752897	0.000799308	61984.4	2020-07-08
509	B.1.1.209	1.0696	0.0733947	0.0760251	0.00492037	10709.6	2020-06-24
510	B.1.428.3	1.06951	0.0727943	0.0764438	0.0134361	4404.48	2020-06-09
511	B.1.146	1.06947	0.0737997	0.0753741	0.112641	118965	2020-07-05
512	B.1.1.176	1.06932	0.0703365	0.0785528	0.174513	66023.4	2020-03-17
513	K.2	1.06871	0.0722877	0.0754552	0.882232	32682.4	2020-08-07
514	AD.2.1	1.06822	0.0715561	0.0752719	0.726531	32301.2	2020-12-07
515	B.1.258.2	1.06806	0.0722036	0.0743352	0.00051097	11800.9	2020-07-15
516	B.1.1.411	1.06717	0.0701123	0.0747569	3.00452	25701.9	2020-07-02
517	B.1.1.56	1.06713	0.0717844	0.0729974	0.65178	23515.6	2020-06-16
518	B.1.396	1.06705	0.0714677	0.0731726	8.38295	37547	2020-06-21
519	B.1.361	1.06674	0.070237	0.0738146	0.00714241	1534.33	2020-09-02
520	B.1.1.136	1.06663	0.0716228	0.0722215	0.106374	1620.38	2020-06-12
521	B.1.9.4	1.06659	0.0697184	0.0740517	0.740912	239793	2020-08-18
522	B.1.36.12	1.06617	0.0706227	0.0723728	9.93463e-06	134.773	2020-07-29
523	B.1.577	1.06614	0.0700476	0.0728875	0.293552	50931.5	2020-03-13
524	B.1.298	1.06602	0.070052	0.0726563	0.00849255	2600.21	2020-08-17
525	B.1.1.422	1.06601	0.0692822	0.0733994	0.0373523	27342.1	2020-12-01
526	B.1.1.358	1.06599	0.0702426	0.0724137	0.00015684	46.8274	2020-09-30
527	N.2	1.06566	0.06956	0.0724621	0.0114235	3408.76	2020-07-07
528	B.1.1.442	1.06563	0.0642409	0.077737	0.913512	54540.1	2020-05-30
529	B.1.615	1.06543	0.0697073	0.0718832	0.00324477	1259.17	2020-07-28
530	B.1.569	1.0654	0.0689944	0.0725526	0.588547	65636.1	2020-09-01
531	B.1.349	1.06533	0.0699605	0.0714577	0.278605	18410.1	2020-06-05
532	B.1.1.450	1.06528	0.0693012	0.0720158	4.79367e-05	57.7561	2020-11-20
533	B.1.1.189	1.06457	0.0696343	0.0703467	9.32618	805317	2020-06-01
534	B.1.348	1.06425	0.0662027	0.0731725	8.06207e-05	98.0833	2020-10-21
535	B.1.1.347	1.06418	0.0674477	0.0718065	0.0662421	64373.2	2020-09-26
536	B.1.1.446	1.0641	0.0675244	0.0715749	0.00414501	4810.67	2020-10-16
537	B.1.1.408	1.06399	0.0688509	0.07004	2.21395e-08	11.185	2020-07-11
538	B.1.1.338	1.06394	0.068253	0.0705531	0.134839	52238.3	2020-12-12
539	B.1.1.265	1.06369	0.0679651	0.0703587	0.0175441	3111.22	2020-08-09
540	B.1.1.166	1.0635	0.0684983	0.0694727	0.152164	12995.1	2020-03-30
541	B.1.433	1.06342	0.0682909	0.0695381	0.00904996	1586.72	2020-09-24
542	B.1.1.324	1.06301	0.0677671	0.069285	0.120229	12146.1	2020-06-25
543	K.1	1.06299	0.0674746	0.0695389	0.0777251	1266.16	2020-07-24
544	B.1.565	1.06257	0.0666912	0.0695345	0.104726	57338.7	2020-07-29
545	S.1	1.06207	0.0651666	0.070113	0.0843194	8551.05	2020-08-28
546	B.1.1.403	1.06182	0.0652482	0.0695548	0.00209194	460.641	2020-09-15
547	AN.1	1.0617	0.0657538	0.0688238	0.102349	289690	2020-09-16
548	B.1.1.419	1.06165	0.0662652	0.0682233	0.569233	88293.4	2020-03-28
549	A.24	1.06156	0.0661629	0.0681645	0.0163836	10625.9	2020-03-22
550	B.1.1.485	1.0613	0.0666668	0.0671701	0.0783695	17344.5	2020-05-23
551	B.1.1.305	1.06107	0.0659494	0.0674507	0.102948	113669	2020-07-18
552	B.1.84	1.06093	0.0657107	0.067424	7.25939e-05	1886.3	2020-04-15
553	C.25	1.0609	0.0663405	0.0667416	0.000578445	7545.73	2020-03-20
554	B.1.1.334	1.06047	0.0655874	0.0666835	0.00180744	291.325	2020-05-23
555	B.1.543	1.06032	0.0646676	0.0673216	0.000652727	276.198	2020-10-09
556	B.1.406	1.06006	0.0647411	0.0667463	0.248171	218488	2020-08-16
557	B.1.337	1.05993	0.0642121	0.0670361	0.00287021	3721.32	2020-08-27
558	B.1.111	1.05984	0.0649895	0.0660918	13.2037	853636	2020-03-20
559	B.1.1.161	1.0595	0.0650468	0.0653835	1.45244	727083	2020-03-27
560	B.1.1.467	1.05886	0.0628514	0.0663799	0.000113905	70.76	2020-10-16
561	B.1.241	1.05886	0.0641155	0.0651047	0.22527	42324.8	2020-04-24
562	B.1.292	1.0587	0.0638675	0.0650642	4.13201e-05	147.483	2020-06-26
563	B.1.291	1.05866	0.063145	0.06571	0.296444	31630.6	2020-06-30
564	B.1.153	1.05862	0.0642067	0.0645651	6.20568	2.42885e+06	2020-03-01
565	B.1.591	1.05861	0.0621042	0.0666491	0.000645528	82.096	2020-10-12
566	B.1.367	1.05811	0.0601857	0.0676243	0.803476	632399	2020-07-28
567	B.1.1.404	1.05803	0.0629619	0.0647012	2.3226	18632.2	2020-09-06
568	B.1.1.449	1.05782	0.0617249	0.0655419	0.292334	52194.2	2020-09-05
569	C.8	1.05752	0.0631292	0.0635725	0.131891	4957.95	2020-07-14
570	B.1.1.302	1.05747	0.0610973	0.0655065	2.84647	657866	2020-08-03
571	B.1.1.482	1.05733	0.0626353	0.0637051	0.00028612	188.512	2020-04-16
572	B.1.1.521	1.05728	0.0627458	0.0634999	1.51799	139903	2020-08-19
573	B.1.416	1.05665	0.0615621	0.0634907	0.683553	782098	2020-06-06
574	B.1.282	1.05651	0.0610015	0.0637815	6.18589e-07	210.251	2020-06-16
575	C.28	1.05614	0.0616277	0.0624623	3.96966e-05	32.2199	2020-05-01
576	B.1.1.115	1.05574	0.0615227	0.0618102	0.0156959	1982.84	2020-06-18
577	B.1.1.220	1.05546	0.0611695	0.0616163	0.513056	154792	2020-03-28
578	B.1.1.100	1.05544	0.0583048	0.0644504	6.22536e-05	82.6536	2020-09-21
579	A.26	1.05521	0.0606801	0.0616394	6.25491e-06	17.4958	2020-04-02
580	B.1.381	1.055	0.0607662	0.0611567	0.00110719	117416	2020-05-13
581	B.1.1.72	1.05491	0.0592667	0.0624884	0.000730163	1158.66	2020-08-20
582	B.1.478	1.05491	0.0589906	0.0627593	0.000729325	1268.88	2020-09-24
583	B.1.423	1.05477	0.058965	0.0625238	0.000404601	120.732	2020-07-13
584	B.1.609	1.05468	0.0603813	0.0609301	0.689985	153646	2020-03-30
585	B.1.1.320	1.05456	0.0576769	0.0634164	0.00192531	54.3794	2020-09-10
586	C.6	1.05419	0.0594457	0.0609341	1.21151e-05	2008.24	2020-07-01
587	B.1.239	1.05416	0.0593903	0.0609342	0.0437139	8895.5	2020-06-04
588	B.1.1.269	1.05415	0.0587845	0.061532	0.279281	2.59185e+06	2020-07-01
589	B.1.1.280	1.05399	0.0596235	0.0603898	16.8776	613710	2020-08-07
590	B.1.520	1.05377	0.0585492	0.0610441	0.0174011	33439.3	2020-06-04
591	B.1.1.51	1.05375	0.0592792	0.0602791	0.113502	14241.2	2020-06-01
592	B.1.1.319	1.05369	0.0587333	0.060697	0.628557	136325	2020-03-19
593	B.1.1.34	1.05354	0.0587543	0.0603904	0.00145857	68429.2	2020-06-01
594	B.1.88.1	1.0533	0.0574897	0.0612111	0.203203	849320	2020-10-05
595	B.1.22.1	1.05318	0.0569304	0.0615467	0.00220215	4221.5	2020-09-08
596	B.1.1.110	1.05303	0.0587253	0.059454	0.000669993	12061.3	2020-04-18
597	B.1.611	1.05294	0.0580759	0.0599438	0.00179891	1062.38	2020-06-19
598	B.1.582	1.05282	0.0584904	0.0593029	0.0984128	51616.2	2020-06-19
599	B.1.1.484	1.05279	0.0576912	0.0600372	4.7609e-06	1600.87	2020-05-31
600	B.1.324	1.05265	0.0582888	0.0591686	0.0298239	3048.99	2020-05-08
601	B.1.1.163	1.05247	0.0580533	0.0590751	1.84804	837178	2020-06-02
602	B.1.476	1.05218	0.0568818	0.0596909	0.0198366	15605.1	2020-03-29
603	C.26	1.05193	0.0576672	0.0584341	0.70439	93327.8	2020-05-22
604	B.1.1.218	1.05177	0.0562435	0.059553	0.0120873	52006.6	2020-07-24
605	B.1.1.453	1.05109	0.0554738	0.0590179	0.0110105	1661.09	2020-09-23
606	B.1.600	1.05097	0.0560685	0.0581963	0.40625	304829	2020-05-10
607	B.1.593	1.05077	0.054029	0.0598625	0.000237455	82.2252	2020-09-15
608	B.1.36.8	1.05026	0.0561275	0.0567879	53.5923	8.89285e+06	2020-04-29
609	B.1.1.512	1.05023	0.0554178	0.0574387	0.0175446	4040.83	2020-07-27
610	B.1.1.144	1.05018	0.0539124	0.0588611	0.00418611	6804.57	2020-09-07
611	B.1.1.298	1.05015	0.0532592	0.0594565	0.0462638	36056.4	2020-06-08
612	B.1.1.461	1.04999	0.0539389	0.0584689	0.00490109	4977.41	2020-10-18
613	B.1.1.277	1.04992	0.055128	0.0571412	3.94291	3.19285e+06	2020-03-24
614	B.1.377	1.04975	0.0546722	0.0572755	0.000545598	373.988	2020-05-15
615	B.1.1.97	1.04973	0.0544561	0.0574488	0.00586988	4601.78	2020-06-22
616	B.1.1.31	1.04967	0.0553656	0.0564206	0.491062	25817.8	2020-09-06
617	B.1.1.421	1.04955	0.0547971	0.0567692	0.000189817	3950.44	2020-05-28
618	N.4	1.04953	0.0547557	0.0567757	1.11895	554780	2020-04-28
619	B.1.1.208	1.04884	0.0549188	0.0552841	0.00789264	2031.26	2020-04-27
620	B.1.177.27	1.04865	0.0528613	0.0569938	0.00252019	1590.64	2020-10-26
621	B.1.1.227	1.04858	0.0540194	0.0556898	0.00201886	1973.54	2020-06-21
622	B.1.1.237	1.0483	0.053216	0.0559593	5.93766e-06	1163.29	2020-06-03
623	B.1.405	1.04806	0.053025	0.0557064	0.00866376	802.419	2020-06-09
624	B.1.550	1.0478	0.0533303	0.0548934	0.000928178	230.149	2020-10-06
625	B.1.1.378	1.04772	0.053661	0.0544122	0.0869435	1.12294e+06	2020-04-04
626	B.1.187	1.04768	0.0538615	0.054131	0.150413	614318	2020-03-29
627	B.1.177.23	1.04761	0.0520737	0.0557819	1.3974	871948	2020-08-25
628	B.1.463	1.0476	0.0504618	0.0573776	0.00799247	2745.04	2020-09-24
629	AE.3	1.0476	0.0529478	0.0548911	0.000537052	3029.74	2020-06-04
630	B.1.407	1.04736	0.0514022	0.0559819	4.32215e-06	283.827	2020-07-14
631	B.1.1.120	1.04727	0.0511074	0.0560993	0.00415945	130998	2020-06-08
632	B.1.1.301	1.0472	0.0532195	0.0538611	0.0132279	13116.4	2020-05-27
633	B.1.500	1.04719	0.0508625	0.0562009	0.000145541	31.2952	2020-08-10
634	N.3	1.04707	0.0526764	0.0541633	1.18499	144063	2020-05-07
635	B.1.1.119	1.04706	0.0532035	0.0536012	2.91759e-06	1348.22	2020-04-18
636	C.32	1.04683	0.0528223	0.053551	0.00171725	40378.9	2020-05-08
637	B.1.570	1.04676	0.0491298	0.0571152	0.000660636	543.427	2020-08-07
638	C.18	1.04657	0.0523855	0.0534923	0.117151	272654	2020-09-11
639	B.1.1.155	1.04657	0.0519178	0.0539591	1.64673e-08	16.1441	2020-06-02
640	B.1.1.304	1.04645	0.0510828	0.0545695	0.00778529	3359.06	2020-05-29
641	B.1.1.329	1.04616	0.051319	0.0537739	0.00559615	2212.57	2020-08-09
642	B.1.1.217	1.04609	0.05131	0.0536542	0.00460502	13971.5	2020-05-21
643	B.1.1.107	1.046	0.0512734	0.0535162	2.97359e-08	36.1941	2020-06-08
644	B.1.1.364	1.04586	0.0507196	0.0538085	0.16614	12255.8	2020-06-09
645	B.1.1.406	1.04579	0.0511482	0.0532327	0.277084	70384.4	2020-07-15
646	B.1.580	1.04576	0.0517564	0.052568	0.00167462	1425.81	2020-08-15
647	B.1.1.147	1.04568	0.0506081	0.0535723	1.23573e-08	12.5521	2020-06-16
648	B.1.1.325	1.04542	0.0502582	0.0534167	0.222469	644110	2020-08-06
649	B.1.1.399	1.04514	0.0499366	0.0532135	0.000306515	528.1	2020-04-23
650	B.1.110.3	1.04456	0.0484767	0.0535505	0.0297017	4759.22	2020-04-03
651	B.1.1.392	1.04439	0.048979	0.052727	4.16179e-05	17.9431	2020-09-16
652	B.1.1.253	1.04421	0.049619	0.0517381	0.000921137	2177.47	2020-05-28
653	B.1.1.275	1.04408	0.0498428	0.0512623	0.0178152	6157.73	2020-04-03
654	B.1.1.398	1.04376	0.0499958	0.050507	0.387909	216319	2020-05-19
655	AK.2	1.04326	0.0467555	0.0527798	0.0200967	14711.2	2020-10-01
656	B.1.1.145	1.04297	0.0462289	0.0527664	0.00010195	669.975	2020-06-07
657	B.1.448	1.04281	0.0486785	0.0500034	0.00260128	539.358	2020-07-18
658	B.1.306	1.04279	0.0485401	0.0500996	0.000572407	339.353	2020-06-23
659	B.1.1.357	1.04275	0.0481306	0.0504419	3.01586e-06	3.86404	2020-07-01
660	B.1.1.414	1.04251	0.04814	0.0499661	0.00727199	32782.2	2020-07-14
661	B.1.467	1.04239	0.0479955	0.049874	0.00526282	16143.8	2020-06-03
662	B.1.1.266	1.04228	0.0465638	0.0510974	0.00664004	52990.4	2020-07-13
663	B.1.1.175	1.04222	0.0476633	0.0498915	0.000408279	4624.72	2020-04-29
664	B.1.1.184	1.04218	0.0485481	0.0489169	0.240525	20049.9	2020-05-08
665	AQ.2	1.04212	0.0471134	0.0502412	1.17899e-05	28.8363	2020-08-24
666	C.20	1.04151	0.0476532	0.0485346	0.0177498	10196.2	2020-10-26
667	B.1.614	1.04145	0.0465771	0.049501	0.0117822	27580.3	2020-06-15
668	B.1.558	1.04134	0.0474325	0.0484241	0.0996639	31582.9	2020-05-15
669	B.1.280	1.04098	0.0468762	0.0482908	0.0147151	6094.38	2020-08-04
670	B.1.1.203	1.04072	0.0453011	0.0493687	0.128489	1901.96	2020-06-09
671	B.1.602	1.04067	0.0460194	0.0485498	0.000117336	134.282	2020-07-30
672	B.1.1.386	1.04053	0.0461766	0.0481311	0.000168236	14822	2020-06-17
673	B.6.4	1.04033	0.0460169	0.0478969	1.9598e-05	774.065	2020-06-30
674	B.1.1.123	1.04031	0.0464118	0.0474594	8.19805e-07	62.1823	2020-06-05
675	B.1.1.481	1.04031	0.0452862	0.0485833	0.21042	18641.3	2020-08-16
676	B.1.1.117	1.04025	0.0464279	0.0473379	0.272473	83489.3	2020-06-11
677	B.1.488	1.04001	0.044642	0.0486576	0.0377152	27829.1	2020-07-13
678	B.1.231	1.03988	0.0462593	0.046789	1.03871e-06	74.9399	2020-04-08
679	B.1.1.92	1.03978	0.046036	0.0468214	2.21166e-08	33.7784	2020-06-09
680	B.1.240	1.03946	0.0459235	0.0463274	0.123398	70827.2	2020-06-02
681	B.1.1.239	1.03944	0.045241	0.0469642	3.19474e-05	61.7555	2020-07-23
682	B.1.173	1.03942	0.0458001	0.0463593	5.34438e-05	181.831	2020-05-22
683	B.1.1.38	1.03929	0.0450435	0.046871	3.26876e-07	96.9594	2020-05-30
684	B.1.188	1.03864	0.0451845	0.0454865	0.000384165	89.3916	2020-07-22
685	B.1.94	1.03864	0.0450097	0.0456479	0.0760814	19045.3	2020-03-23
686	B.1.1.232	1.03794	0.0438792	0.0454438	0.784201	2.8347e+06	2020-06-01
687	B.1.541	1.03792	0.043059	0.0462198	0.00182618	578.444	2020-08-22
688	B.1.1.410	1.03774	0.0437695	0.0451582	6.0929e-05	1899.98	2020-05-31
689	B.1.1.273	1.03767	0.0436027	0.045196	0.000207013	67286.9	2020-06-25
690	B.1.420	1.03729	0.0432563	0.0448084	2.08112	217082	2020-05-25
691	B.1.1.15	1.03719	0.0408811	0.0469987	2.38611e-08	42.0798	2020-06-23
692	B.1.462	1.03701	0.0429211	0.0445966	0.000206299	8781.99	2020-04-27
693	B.1.397	1.03671	0.0426064	0.0443348	0.0429228	16222.9	2020-05-27
694	B.1.1.186	1.0365	0.0411988	0.0453475	0.00258909	1402.75	2020-09-04
695	B.1.1.463	1.03642	0.0428561	0.0435279	1.05344e-05	34.0246	2020-05-16
696	B.1.473	1.03626	0.0428454	0.0432237	0.00225304	3255.57	2020-04-02
697	N.6	1.03608	0.0423341	0.0433884	0.286774	79805.6	2020-05-12
698	B.1.1.359	1.03547	0.0407054	0.0438444	8.94391e-05	3655.63	2020-07-06
699	B.1.421	1.03544	0.0411148	0.0433743	4.14538e-05	104.313	2020-08-19
700	B.1.1.59	1.03534	0.04206	0.0422349	1.26404e-05	992.47	2020-06-10
701	B.1.316	1.03518	0.04101	0.0429862	3.41668e-06	118.458	2020-04-29
702	B.1.1.388	1.03513	0.0410307	0.0428731	0.368264	38073.9	2020-04-28
703	B.1.218	1.03509	0.0398139	0.043999	0.5102	57486.4	2020-08-12
704	B.1.399	1.03484	0.0413046	0.0420334	0.0199325	12697.2	2020-06-01
705	B.1.139	1.0348	0.0393227	0.0439339	0.0421384	3775.94	2020-04-17
706	B.1.1.54	1.03472	0.0404269	0.0426819	0.0329398	217931	2020-06-18
707	B.1.444	1.03463	0.0397455	0.0431796	4.64188e-05	28.4845	2020-06-01
708	B.1.1.127	1.0341	0.0406306	0.0412745	0.178871	19663.7	2020-04-23
709	B.1.1.168	1.03405	0.0399752	0.0418241	1.27478e-05	42.795	2020-04-18
710	B.1.1.45	1.03393	0.0398545	0.0417303	0.000704926	307.208	2020-06-07
711	B.1.1.192	1.03385	0.0398754	0.0415411	0.103569	44020.5	2020-04-15
712	B.1.213	1.03359	0.0393328	0.0415842	66.3502	783042	2020-05-10
713	B.1.1.356	1.03353	0.0402387	0.040565	0.00201698	658.787	2020-05-23
714	B.1.1.361	1.03345	0.0395282	0.0411233	1.28157e-08	23.4578	2020-06-08
715	B.1.1.95	1.03337	0.039843	0.0406426	0.00143254	1440.95	2020-05-18
716	B.1.128	1.03328	0.0391383	0.0411703	0.0116496	66889.9	2020-03-01
717	B.1.91	1.03321	0.039225	0.0409644	0.29957	382451	2020-03-01
718	B.1.436	1.03318	0.0391275	0.040992	0.000695346	318.333	2020-08-03
719	B.1.567	1.03309	0.0384622	0.0414921	0.00129342	670.563	2020-06-04
720	B.1.1.256	1.03293	0.0392721	0.0403734	3.41703e-08	77.801	2020-06-01
721	B.1.538	1.03253	0.0389594	0.0399026	2.24298	1.63895e+06	2020-06-13
722	B.1.1.47	1.03247	0.038564	0.040184	0.087145	289202	2020-07-10
723	B.1.1.431	1.03244	0.0364448	0.0422487	0.0953978	550508	2020-08-01
724	B.1.1.129	1.03232	0.0385204	0.0399301	0.534243	199318	2020-05-02
725	B.1.1.160	1.0318	0.0382013	0.0392418	6.91481e-07	379.169	2020-05-03
726	B.1.1.202	1.03178	0.0377769	0.0396271	0.00132919	34417.1	2020-05-15
727	B.1.1.244	1.03169	0.0383226	0.0389161	0.0087491	4073.2	2020-06-08
728	C.13	1.03163	0.0371123	0.0400169	0.000657353	30298.3	2020-04-23
729	B.1.1.5	1.03136	0.0382043	0.0384016	1.51003	3.74107e+06	2020-03-20
730	C.12	1.03125	0.0380136	0.0383642	2.05166e-07	339.892	2020-08-13
731	B.1.189	1.03105	0.0371431	0.0388511	0.0871323	41607.2	2020-04-30
732	B.1.1.82	1.03092	0.0376595	0.0380767	0.000783409	991.319	2020-04-08
733	B.1.1.409	1.03068	0.0369026	0.0383839	0.00911008	29222.5	2020-05-04
734	B.1.441	1.03046	0.0367819	0.0380772	0.829501	258220	2020-05-04
735	B.1.542	1.03042	0.0371212	0.0376604	0.00274487	52112.2	2020-04-19
736	B.1.77	1.0304	0.0355763	0.0391608	1.17525e-08	24.6435	2020-06-01
737	B.1.388	1.03023	0.0357601	0.038643	0.00040295	1882.72	2020-06-10
738	B.1.1.201	1.03015	0.0367827	0.0374718	0.640895	1.31836e+06	2020-05-06
739	B.1.1.466	1.03012	0.0363407	0.0378607	3.42771e-05	419.546	2020-07-21
740	B.44	1.02986	0.035456	0.0382315	1.33683e-05	869.2	2020-03-17
741	B.1.1.101	1.02974	0.0356204	0.037837	0.554155	643710	2020-05-15
742	B.1.1.171	1.0295	0.0352877	0.0377018	0.0314117	246280	2020-04-14
743	B.1.1.391	1.02935	0.0362165	0.0364815	4.66456e-06	10550.3	2020-05-15
744	B.1.1.458	1.02924	0.0349907	0.0374925	0.0432671	34977.4	2020-06-15
745	B.1.1.125	1.0291	0.0359659	0.0362446	4.06036e-08	105.753	2020-06-08
746	B.1.1.254	1.02904	0.0356078	0.0364952	0.0762223	73577	2020-03-18
747	B.1.1.290	1.02898	0.0359081	0.0360773	0.000180047	39.0114	2020-05-15
748	B.1.402	1.02893	0.0349508	0.0369307	0.000701106	468.462	2020-06-24
749	B.1.1.180	1.02872	0.0356151	0.0358607	0.00615245	1658.5	2020-06-19
750	B.1.1.83	1.0287	0.0355503	0.0358866	0.625602	229406	2020-03-27
751	B.1.115	1.0287	0.0341233	0.0373065	9.4014e-06	48461	2020-03-25
752	B.1.1.1	1.02854	0.0352875	0.0358256	5.2051	1.29804e+07	2020-03-10
753	B.1.1.383	1.02826	0.0344428	0.0361442	1.31318e-05	18080	2020-05-13
754	B.1.1.221	1.02817	0.03312	0.0372746	0.130377	1.45549e+06	2020-06-15
755	B.1.184	1.02807	0.0339612	0.0362384	0.0515611	164697	2020-06-18
756	B.1.1.91	1.02785	0.0346662	0.0351178	0.00164987	3147.56	2020-04-28
757	B.1.1.346	1.02771	0.0330467	0.0364613	6.2318e-05	238.675	2020-09-21
758	N.8	1.02769	0.0270417	0.0424279	0.00786136	5331.41	2020-06-29
759	B.1.1.86	1.02765	0.0329762	0.0364176	0.00360868	530.242	2020-05-26
760	B.1.564	1.02759	0.0341074	0.0351661	0.164451	29860.6	2020-06-01
761	B.1.110.2	1.02752	0.0319669	0.0371785	5.31999e-09	7.59846	2020-04-03
762	B.1.401	1.02732	0.0338664	0.0348898	0.0288658	1262.58	2020-06-25
763	B.1.566	1.02731	0.0341101	0.0346265	0.102791	114411	2020-04-22
764	B.1.1.16	1.02724	0.0329579	0.0356282	0.0134681	7773.3	2020-04-03
765	B.1.1.122	1.02721	0.0333167	0.0352196	0.00245975	18697.1	2020-05-24
766	B.1.1.109	1.02716	0.033939	0.0345033	0.0111042	425.414	2020-06-08
767	B.1.595	1.02713	0.033759	0.0346197	0.134725	148741	2020-03-14
768	B.1.350.1	1.02704	0.0335685	0.0346253	5.22351e-09	8.24416	2020-05-25
769	B.1.483	1.02693	0.0333555	0.0346383	7.60927e-06	9.21637	2020-03-15
770	B.1.1.139	1.02678	0.0336952	0.033999	0.000198976	173.196	2020-07-18
771	B.1.1.331	1.02675	0.0337288	0.0339193	0.00133938	15797.7	2020-03-04
772	B.1.556	1.02635	0.0326489	0.0342193	0.0548107	842.07	2020-07-01
773	B.1.281	1.02622	0.0324158	0.0341875	0.0306634	34318.1	2020-04-09
774	B.1.1.342	1.02593	0.0325595	0.0334838	1.93973e-06	5.5904	2020-06-19
775	B.1.1.228	1.02551	0.0311389	0.0340792	0.0123413	20956.2	2020-06-02
776	B.1.1.430	1.02547	0.031322	0.0338179	0.00103693	5372.08	2020-06-25
777	B.1.612	1.02541	0.0321027	0.0329195	0.0586139	110545	2020-06-09
778	B.1.363	1.02535	0.0317696	0.0331343	5.31972e-05	39.8308	2020-07-03
779	C.9	1.02523	0.0320176	0.0326565	3.06315e-05	15223.3	2020-07-01
780	B.1.1.62	1.02504	0.0309042	0.0333933	1.7991e-05	13019.4	2020-06-27
781	B.1.1.185	1.02485	0.0311198	0.0328087	0.000176655	1000.51	2020-04-01
782	B.1.1.116	1.02463	0.0308941	0.0326063	0.0174732	13955.9	2020-06-17
783	B.1.1.112	1.0246	0.0308494	0.0325983	0.000247574	2990.95	2020-06-01
784	B.1.318	1.02421	0.030176	0.0325173	5.34944e-05	92.554	2020-07-07
785	B.1.1.262	1.02416	0.027943	0.0346488	1.58187e-08	51.2483	2020-05-25
786	B.1.1.200	1.02411	0.0307554	0.0317439	0.243903	762293	2020-06-07
787	B.1.1.440	1.02408	0.0311157	0.0313156	0.000154957	17.2795	2020-06-23
788	B.1.140	1.02394	0.0307129	0.0314431	4.23675e-05	23316.8	2020-06-23
789	B.1.1.464	1.02376	0.0304038	0.0313995	0.377968	3.66587e+06	2020-04-22
790	B.1.1.365	1.02375	0.0294262	0.0323655	0.000724536	250.922	2020-06-07
791	B.1.36.10	1.0237	0.0305881	0.031107	4.21744	2.3417e+06	2020-03-01
792	B.1.608	1.02358	0.0301986	0.031259	0.0002139	1917.41	2020-07-01
793	B.1.81	1.02357	0.0306113	0.0308177	0.00240259	6223.45	2020-04-03
794	B.1.258.9	1.0235	0.0291444	0.0321444	0.000399617	2055.35	2020-09-07
795	B.1.1.4	1.02344	0.0293182	0.0318641	1.00089e-07	357.213	2020-06-08
796	B.1.1.178	1.02323	0.0281005	0.032674	9.25006e-09	25.9161	2020-04-17
797	B.1.1.33	1.02311	0.0298971	0.0306375	2.84751	9.4775e+07	2020-03-12
798	B.1.106	1.02307	0.0298291	0.0306379	3.38265e-05	41.3568	2020-05-12
799	B.1.227	1.02304	0.0282318	0.0321653	0.0387704	69332.7	2020-05-29
800	B.1.1.164	1.0227	0.0297547	0.0299696	0.00228418	5980.11	2020-03-23
801	B.1.1.71	1.02268	0.0297401	0.0299513	0.024751	75889.6	2020-03-16
802	B.1.1.162	1.02255	0.0294338	0.0300092	0.00986643	16947	2020-03-24
803	B.1.1.114	1.02247	0.0289753	0.0303031	1.30751e-07	90.4382	2020-04-03
804	B.1.1.27	1.02246	0.0293803	0.0298882	0.00349605	108832	2020-04-07
805	B.1.1.462	1.02225	0.0291068	0.0297562	0.0513862	69926.3	2020-05-01
806	B.1.1.128	1.02218	0.0291035	0.0296161	0.00139188	756.578	2020-06-30
807	B.1.335	1.02186	0.0288828	0.0292133	8.15875e-05	55.3615	2020-05-17
808	B.1.251	1.02162	0.0275442	0.030067	1.3177e-08	46.4163	2020-06-05
809	B.1.475	1.02132	0.0274638	0.0295692	0.00470677	18212.1	2020-04-05
810	C.3	1.0213	0.0271182	0.0298778	3.33746e-08	134.877	2020-06-02
811	A.18	1.0213	0.0275617	0.0294337	0.000553757	3667.02	2020-06-23
812	B.1.1.299	1.02128	0.0276048	0.0293493	2.09548e-08	79.9079	2020-06-13
813	B.1.238	1.02124	0.0277927	0.0290934	1.77345e-08	67.3955	2020-05-24
814	B.1.1.379	1.02114	0.0274022	0.029276	2.26604e-07	169.69	2020-05-01
815	C.14	1.02074	0.0275737	0.0283245	0.0111068	245239	2020-03-27
816	B.1.1.231	1.02062	0.0270688	0.0285982	0.393851	39675.4	2020-03-30
817	B.1.1.367	1.0205	0.0275145	0.0279034	1.44972e-06	5.86183	2020-06-11
818	B.1.486	1.02031	0.0247664	0.0302904	7.32348e-05	71.7078	2020-05-01
819	B.1.110.1	1.02027	0.0244813	0.0304966	0.00856619	4819.82	2020-04-06
820	B.1.1.401	1.01998	0.0268469	0.027555	0.098626	402791	2020-04-04
821	B.1.1.251	1.01996	0.0263023	0.0280632	0.00285735	590.513	2020-07-10
822	B.1.490	1.01973	0.0263893	0.0275302	1.65195e-05	154.379	2020-04-21
823	B.1.242	1.01939	0.0261719	0.0270758	0.000890308	8303.4	2020-06-26
824	B.1.1.340	1.01932	0.0257642	0.027355	3.41211	205116	2020-05-13
825	B.1.607	1.01925	0.0262032	0.0267812	4.08457e-06	21.7173	2020-04-09
826	B.1.1.426	1.01907	0.0253754	0.0272457	9.22747e-06	22.3348	2020-06-18
827	B.1.509	1.01881	0.0253348	0.026769	0.00327267	6578.68	2020-06-19
828	B.1.260	1.01873	0.0259167	0.0260399	0.171193	103393	2020-04-06
829	B.1.1	1.01857	0.0256819	0.0259514	2363.73	1.5944e+08	2020-02-25
830	B.1.249	1.0184	0.0234816	0.0278291	6.35861e-09	17.7416	2020-03-26
831	B.1.180	1.01825	0.0253882	0.0256154	0.00122252	29887.7	2020-04-17
832	B.1.547	1.01792	0.0245034	0.0258618	0.00736783	51520	2020-03-20
833	B.1.1.111	1.0176	0.024312	0.0254265	7.84437e-05	4372.86	2020-05-01
834	C.11	1.01733	0.0243697	0.0248439	0.567183	2.0413e+06	2020-03-08
835	B.1.598	1.01728	0.0236367	0.0254645	0.000482987	1241.61	2020-04-30
836	B.1.1.181	1.01689	0.0240559	0.0242821	0.434913	23531.4	2020-04-09
837	B.1.380	1.0168	0.0231335	0.0250341	0.0042107	13029.7	2020-07-01
838	B.6.2	1.01672	0.0225709	0.0254374	0.00466625	1678.55	2020-05-23
839	B.1.1.224	1.0165	0.0222093	0.0253582	0.00340615	6416.57	2020-08-31
840	B.1.496	1.01628	0.0224389	0.0247034	4.24862e-06	9.1427	2020-03-15
841	B.1.309	1.01601	0.0204231	0.0261781	1.11501e-05	32.9991	2020-06-29
842	B.1.1.285	1.01589	0.0230893	0.0232921	0.00127795	1684.45	2020-03-30
843	B.1.342	1.01577	0.0217502	0.0243909	0.000895987	5517.37	2020-05-23
844	B.1.382	1.01565	0.0222192	0.0236725	0.0788314	156175	2020-04-22
845	B.1.545	1.01563	0.0222294	0.0236268	0.0903167	22820.6	2020-03-26
846	B.1.1.88	1.01541	0.0215416	0.023887	8.3077e-06	1005.06	2020-03-21
847	B.1.578	1.0153	0.0216707	0.0235412	0.000366336	455.201	2020-03-30
848	B.1.1.142	1.01524	0.0221262	0.0229707	0.0311747	9169.7	2020-03-27
849	C.27	1.01514	0.0211184	0.0237847	1.05044e-08	50.4272	2020-05-11
850	B.1.482	1.01505	0.021459	0.0232557	0.00135411	2582.04	2020-03-17
851	B.1.1.423	1.01496	0.0204811	0.0240496	4.1925e-06	32.8408	2020-05-19
852	B.1.554	1.0148	0.0210012	0.0232254	5.97222e-05	94.6927	2020-05-31
853	B.1.1.63	1.01465	0.0204543	0.0234675	1.60664	224171	2020-07-01
854	B.1.1.514	1.01457	0.0201983	0.0235801	5.51692e-06	36.1761	2020-05-01
855	B.1.1.40	1.01457	0.0211979	0.0225713	1.19543e-05	27842.2	2020-04-26
856	B.1.1.149	1.01457	0.0208959	0.0228715	1.19696e-08	60.891	2020-05-19
857	B.1.1.134	1.01453	0.0212507	0.0224371	0.0308322	92555.7	2020-04-12
858	B.1.1.447	1.0143	0.0210625	0.0221731	0.00966379	40562.6	2020-05-29
859	B.1.1.57	1.01428	0.0207959	0.0224083	0.0119508	73080.1	2020-05-01
860	B.1.1.249	1.01375	0.0198164	0.0223334	7.00133e-08	78.4742	2020-04-02
861	B.1.1.282	1.01375	0.0207854	0.0213606	0.310421	342634	2020-04-09
862	B.1.83	1.01374	0.0210146	0.0211263	0.0446686	3.53824e+06	2020-03-24
863	B.1.1.99	1.01336	0.0200613	0.0213288	0.026903	42912.1	2020-04-13
864	B.1.1.135	1.01316	0.0201642	0.0208169	0.00596153	13619.9	2020-06-19
865	B.1.208	1.0131	0.0197353	0.0211425	0.000178254	2700.1	2020-03-18
866	B.1.403	1.01279	0.0188852	0.021374	0.000237703	250.585	2020-08-13
867	B.1.240.1	1.01259	0.0191587	0.0207045	0.000521245	2483	2020-08-11
868	B.1.529	1.01256	0.0194375	0.0203631	0.000267366	5784.03	2020-04-02
869	B.1.1.205	1.01248	0.0189915	0.0206591	0.00510479	16792.9	2020-06-01
870	B.1.1.46	1.01226	0.0191695	0.0200493	6.55837	7.50761e+06	2020-05-19
871	B.1.369	1.01224	0.0191742	0.0199919	1.61011	370164	2020-03-15
872	B.1.1.300	1.01219	0.0192974	0.0197831	1.68809e-08	92.18	2020-06-15
873	B.1.143	1.01216	0.0192993	0.0197068	0.0526538	538349	2020-05-02
874	B.1.425	1.01203	0.0179426	0.0208088	0.00021578	326.19	2020-05-16
875	B.1.1.90	1.01184	0.0182835	0.0201077	0.00090525	3731.21	2020-05-20
876	B.1.245	1.01161	0.0183812	0.0195436	0.389485	2.8559e+06	2020-04-05
877	B.1.1.263	1.01158	0.0180927	0.0197701	0.485269	97182.4	2020-04-29
878	C.1	1.01141	0.0181919	0.0193387	0.0101468	1.68455e+06	2020-05-24
879	B.1.1.395	1.01131	0.0174074	0.019933	5.12865e-09	20.2285	2020-04-30
880	B.1.229	1.01107	0.0179631	0.0188882	0.00812022	2100.83	2020-04-01
881	B.1.1.271	1.01099	0.0172958	0.0193962	0.00078802	4691.08	2020-03-12
882	B.1.1.370	1.01077	0.0160344	0.0202323	0.0334904	10904.1	2020-05-15
883	B.1.1.339	1.01021	0.0167501	0.0184048	3.47748e-05	6114.31	2020-03-26
884	B.1.212	1.00999	0.0172327	0.0174902	0.0355682	2.93489e+06	2020-03-18
885	B.1.1.174	1.00984	0.0168241	0.0176005	0.50317	112020	2020-04-04
886	B.1.67	1.00977	0.0170573	0.0172296	0.131092	5836.44	2020-03-25
887	B.1.1.306	1.00972	0.0167864	0.0174111	53.31	1.50518e+07	2020-04-12
888	B.1.1.448	1.00971	0.0163907	0.0177691	0.00858368	1.56175e+06	2020-05-19
889	B.1.1.441	1.00959	0.0162145	0.0177102	4.23246e-05	76.9118	2020-07-01
890	B.1.340	1.00958	0.0147131	0.0191932	0.000265835	460.247	2020-07-03
891	B.1.293	1.0094	0.0154805	0.0180807	0.070086	4593.47	2020-04-01
892	B.1.164	1.00929	0.0157154	0.0176143	0.02554	67622.1	2020-07-06
893	B.1.1.344	1.00917	0.0159123	0.0171885	0.0167115	19266.8	2020-05-19
894	B.1.1.283	1.00902	0.0159973	0.016812	4.6006e-05	289.008	2020-03-27
895	B.1.323	1.00898	0.0162494	0.0164719	0.00232073	1572.14	2020-03-17
896	B.6.8	1.00893	0.015242	0.0173723	0.642321	960.711	2020-07-22
897	B.1.198	1.00885	0.0154321	0.0170316	4.52753e-09	16.474	2020-04-05
898	B.1.1.360	1.00869	0.0154427	0.016701	1.22348e-07	182.442	2020-04-08
899	B.1.78	1.00866	0.0159422	0.0161523	0.00121556	15612.9	2020-03-20
900	A.19	1.00861	0.0153452	0.0166399	0.00211674	19068.2	2020-06-20
901	B.1.165	1.00835	0.0151358	0.0163322	9.53016e-09	64.7388	2020-05-05
902	B.1.1.49	1.00814	0.0150309	0.0160177	5.31476e-06	401.122	2020-03-31
903	B.1.338	1.00811	0.0148018	0.0162025	0.000512051	824.675	2020-04-29
904	B.1.294	1.0079	0.0137937	0.0167886	1.15635e-05	27.9396	2020-06-22
905	B.1.169	1.00782	0.0142137	0.0161999	0.000135105	87.5577	2020-06-25
906	B.1.168	1.0076	0.0128722	0.0171037	7.95344e-08	222.724	2020-04-27
907	L.2	1.00722	0.0141689	0.0150668	0.0055898	71592.1	2020-04-06
908	B.1.69	1.00721	0.0145482	0.0146536	0.000233497	2338.69	2020-03-10
909	B.1.23	1.0071	0.0144515	0.0145426	2.3877e-05	926.537	2020-03-24
910	B.1.247	1.00705	0.01419	0.0147103	0.060437	492546	2020-05-05
911	B.1.3	1.00655	0.0134482	0.0144522	0.000489242	755.931	2020-04-30
912	B.1.1.87	1.00635	0.0120139	0.0154909	0.000110339	2984.69	2020-04-14
913	B.1.595.1	1.00631	0.0122537	0.0151607	0.000141472	416.831	2020-06-22
914	B.1.1.158	1.00628	0.0129449	0.0144131	0.000117385	4362.76	2020-06-08
915	B.1.595.2	1.00553	0.0115498	0.0143281	3.98644e-05	69.7201	2020-06-19
916	B.1.192	1.00552	0.0127972	0.0130539	8.68644e-07	4202.29	2020-04-27
917	B.1.574	1.0054	0.0110612	0.0145439	0.001893	12254.6	2020-06-18
918	B.1.415	1.00526	0.0124911	0.0128507	0.00188695	2768.87	2020-03-19
919	B.1.1.197	1.00487	0.0114715	0.0130881	5.01872e-09	26.7647	2020-04-15
920	B.1.458	1.0048	0.0101173	0.0143057	0.967126	65448	2020-05-25
921	B.1.145	1.00473	0.0107308	0.0135499	0.0755158	210177	2020-04-22
922	B.1.1.77	1.0047	0.0109198	0.0133084	1.91782e-05	80.8509	2020-05-29
923	B.1.489	1.00463	0.0108001	0.0132798	1.17739e-05	357.686	2020-03-30
924	B.1.1.29	1.00379	0.00894578	0.0134638	3.49207e-07	526.159	2020-04-29
925	B.1.491	1.00343	0.00886095	0.0128241	3.82304e-09	21.0463	2020-04-22
926	B.1.1.437	1.00342	0.00948233	0.0121926	4.83053e-05	116.987	2020-06-25
927	B.1.1.363	1.00331	0.0072886	0.014172	0.00167462	11245	2020-04-10
928	B.1.1.506	1.00324	0.00980336	0.0115074	0.0656681	24692.6	2020-05-14
929	B.1.418	1.00323	0.0101387	0.0111591	1.04689e-07	374.247	2020-04-30
930	B.1.1.55	1.00322	0.00855072	0.0127125	9.89382e-07	78.651	2020-04-29
931	B.1.378	1.00311	0.0101568	0.0109042	0.00223217	11203.2	2020-03-22
932	B.1.1.226	1.00262	0.00955644	0.0105147	0.00017563	95.7976	2020-06-05
933	B.1.540	1.00248	0.00933261	0.0104658	0.818635	1.59384e+06	2020-04-27
934	B.6.7	1.0024	0.00937468	0.0102697	0.0188906	205335	2020-07-01
935	B.1.354	1.00205	0.00932984	0.00961545	0.00032367	542.161	2020-04-02
936	B.1.219	1.00191	0.00759085	0.0110723	0.0129429	100109	2020-06-01
937	B.1.159	1.00187	0.00769592	0.0108902	0.00185174	24189.3	2020-03-27
938	B.1.1.30	1.00172	0.00792737	0.0103608	0.0117245	11768.8	2020-05-18
939	B.1.504	1.00165	0.00837064	0.00977427	1.95472e-05	212364	2020-04-25
940	B.1.1.190	1.00146	0.00762289	0.0101398	4.08549e-08	92.2998	2020-03-27
941	B.1.571	1.00131	0.00787436	0.0095937	1.21738e-05	50.7627	2020-06-19
942	K.3	1.0013	0.00733651	0.0101062	0.00500841	42016.4	2020-09-24
943	B.1.1.372	1.00127	0.00835281	0.00901807	0.276308	880862	2020-03-17
944	A.22	1.00116	0.00774168	0.00941307	0.00190286	54205.4	2020-03-15
945	A.11	1.00114	0.00802668	0.00909008	1.54428e-05	2801.5	2020-03-22
946	B.1.76	1.00104	0.00828574	0.00863207	4.02064e-05	12468.3	2020-03-06
947	B.1.592	1.00082	0.00621528	0.0102605	8.68373e-05	518.418	2020-04-02
948	B.1.1.13	1.00079	0.0070778	0.00933831	0.00100641	449.895	2020-03-30
949	B.1.1.366	1.00064	0.00732921	0.00878468	0.0018118	56013.2	2020-04-23
950	B.1.1.187	1.00049	0.0064709	0.00934122	0.0129045	142448	2020-06-27
951	B.1.1.14	1.00047	0.00643213	0.0093507	8.09878e-08	337.906	2020-04-18
952	B.1.437	1.00042	0.00611566	0.0095744	3.75116e-05	178.16	2020-06-10
953	B.1.1.513	1.00018	0.00737699	0.00782179	1.67349e-05	135.537	2020-04-01
954	B.1.178	1.00005	0.00726691	0.00767688	0.000240327	3084.74	2020-03-17
955	B.1.304	1.00001	0.00584604	0.00902338	1.04343e-05	35.1531	2020-06-12
956	A	1	0.00680287	0.00803872	3.49868	6.88361e+06	2020-01-01
957	B.1	0.999845	0.00712457	0.00740769	3322.73	1.64602e+08	2020-01-26
958	B.1.162	0.999715	0.00706688	0.00720474	6.91419e-05	229.771	2020-03-25
959	L.4	0.999657	0.00496348	0.009192	3.57296e-06	40.0896	2020-07-06
960	B.1.1.191	0.999499	0.00568593	0.00815452	0.000609476	3807.54	2020-08-10
961	B.1.120	0.999464	0.00548358	0.00828523	2.72702e-07	698.355	2020-04-21
962	B.1.434	0.999338	0.00483243	0.00868456	1.8405e-07	21.6334	2020-03-22
963	B.1.385	0.999276	0.00579359	0.00760048	0.00258071	1235.41	2020-06-29
964	B.1.194	0.999198	0.00562339	0.0076135	1.04737e-06	12.3195	2020-06-09
965	B.1.535	0.99913	0.00646678	0.00663488	0.00241548	1565.69	2020-04-01
966	B.1.1.93	0.999067	0.00364768	0.00932665	0.000168999	378.403	2020-06-26
967	B.1.1.438	0.999063	0.00571286	0.0072544	0.0321702	168245	2020-03-26
968	B.1.511	0.998907	0.00615457	0.00650006	0.00512509	414.778	2020-05-14
969	B.1.158	0.998848	0.00576176	0.00677513	1.0971e-05	268.076	2020-03-20
970	B.1.199	0.99837	0.00456657	0.00701228	0.000290936	19432.9	2020-04-02
971	B.1.576	0.998358	0.00507427	0.00648113	0.000370877	1544.79	2020-06-09
972	B.1.595.3	0.998356	0.00411923	0.00743264	7.11538e-05	139.893	2020-07-07
973	B.1.498	0.997577	0.00471433	0.00527606	0.00118734	21153	2020-06-04
974	B.1.285	0.997473	0.00444761	0.00533349	3.12309e-07	8.47435	2020-06-10
975	B.1.581	0.997396	0.00451455	0.00511321	7.41128e-06	40.1031	2020-06-22
976	B.36	0.99739	0.00408715	0.00552734	3.62817e-05	35935.1	2020-03-17
977	B.1.161	0.997015	0.00427859	0.00458364	7.51438e-05	45.7247	2020-04-13
978	B.20	0.996957	0.00432844	0.0044182	5.2702e-06	88.2437	2020-04-04
979	B.1.1.459	0.996893	0.00368323	0.00493517	1.53339e-05	52896.3	2020-04-16
980	B.1.451	0.996562	0.00329383	0.00466081	6.89152e-05	253.585	2020-06-02
981	B.1.1.154	0.996342	0.00293022	0.00458135	3.97282e-09	28.8381	2020-03-31
982	B.1.432	0.996175	0.00264636	0.00453067	6.14404e-05	1683.15	2020-06-15
983	B.1.9.1	0.996138	0.00208004	0.0050219	3.34633e-08	177.814	2020-04-17
984	B.1.40	0.995838	0.00250851	0.00399136	5.18308e-08	281.846	2020-03-31
985	B.1.443	0.995817	0.00151618	0.00494196	0.000327657	909.23	2020-06-08
986	B.1.1.169	0.995804	0.00244387	0.00398745	1.09568e-05	57.7783	2020-05-09
987	B.1.287	0.995251	0.00063577	0.00468429	4.63422e-05	650.429	2020-04-06
988	B.1.14	0.995147	0.00253761	0.00257359	0.0196941	1751.85	2020-04-01
989	B.1.225	0.99494	0.00166633	0.00303057	0.00565636	1288.49	2020-04-17
990	B.1.453	0.99483	0.00188786	0.00258649	0.000128129	2196.43	2020-04-30
991	B.1.1.272	0.994812	0.000799196	0.00363962	0.000109493	2148.75	2020-08-24
992	B.1.9.2	0.994811	0.00118557	0.00325005	2.50227e-06	16.419	2020-05-06
993	B.1.1.194	0.994263	0.000831368	0.00250423	0.0407693	356011	2020-03-31
994	B.1.248	0.994166	-0.000300854	0.00343962	3.29618e-08	195.093	2020-04-03
995	B.1.224	0.993994	0.000380758	0.00241205	9.23243e-05	3870.39	2020-04-21
996	B.1.336	0.993671	0.000782097	0.00136154	0.000728249	6230.11	2020-03-26
997	B.1.594	0.993599	-0.00165778	0.00365625	2.20281e-05	26.9515	2020-05-31
998	B.1.1.350	0.993593	-0.000414829	0.00240153	0.000570776	8837.04	2020-04-27
999	B.1.1.376	0.993582	-1.41989e-05	0.00197825	0.000122835	63414	2020-06-12
1000	B.1.1.380	0.99347	-0.000507471	0.00224715	1.75699e-05	166.572	2020-06-29
1001	B.1.439	0.993109	0.000313233	0.000699079	0.00025311	2417.4	2020-03-17
1002	B.1.328	0.993039	0.000177253	0.000693507	2.40424e-05	207.203	2020-05-25
1003	B.1.179	0.992071	-0.000626156	-0.000453077	0.0117742	73925.9	2020-03-16
1004	B.1.573	0.991169	-0.00314126	0.000241583	2.30226e-06	939.141	2020-07-03
1005	B.1.485	0.991168	-0.00155313	-0.00134781	6.88898e-06	37.4831	2020-04-29
1006	B.1.1.258	0.990801	-0.00380709	0.000165296	0.00208307	40513	2020-06-04
1007	B.1.267	0.9907	-0.0031486	-0.000695855	9.1887e-05	334.116	2020-03-28
1008	B.1.528	0.990651	-0.00237168	-0.00157323	0.00031544	48920.3	2020-05-05
1009	B.1.395	0.990266	-0.00268382	-0.00203753	0.00495967	14090.9	2020-03-10
1010	B.1.220	0.990169	-0.00260982	-0.00230742	0.00537264	10165.5	2020-03-22
1011	B.50	0.989959	-0.00297468	-0.00236714	0.00135521	6957.42	2020-03-14
1012	B.1.506	0.989776	-0.00360811	-0.0021031	1.54286e-05	87.5606	2020-06-04
1013	B.1.103	0.98968	-0.00424596	-0.00165979	4.9721e-06	36.1334	2020-04-21
1014	B.1.233	0.989665	-0.00373593	-0.00219963	6.83122e-05	143.618	2020-06-24
1015	B.1.502	0.989648	-0.00333427	-0.00263632	3.95015e-06	41.0107	2020-06-11
1016	B.1.1.213	0.989509	-0.004224	-0.00202668	0.00226827	26296.6	2020-03-30
1017	B.1.273	0.989464	-0.00397136	-0.00237166	2.6413e-05	1420.8	2020-03-26
1018	B.1.537	0.989417	-0.0037215	-0.00271586	0.596956	816067	2020-06-05
1019	A.17	0.989327	-0.00452223	-0.00209752	1.64303e-05	704.596	2020-03-02
1020	B.1.387	0.989286	-0.00407695	-0.00262581	5.52112e-05	2396.02	2020-03-10
1021	B.1.210	0.989242	-0.00355638	-0.00323382	0.975474	3.57335e+06	2020-04-12
1022	AE.1	0.989229	-0.00385412	-0.00296245	1.64972e-08	3001.69	2020-06-15
1023	B.1.167	0.989199	-0.00421371	-0.00266414	9.12793e-06	3631.72	2020-04-01
1024	B.1.330	0.989192	-0.00484044	-0.00205237	5.56923e-06	33.2479	2020-03-27
1025	B.1.1.230	0.98913	-0.00427638	-0.00274126	3.89965e-06	59.484	2020-06-11
1026	N.1	0.988742	-0.00457356	-0.00322899	3.33054e-05	2362.17	2020-04-06
1027	B.1.334	0.988631	-0.00598145	-0.00204613	2.83897e-05	163.314	2020-03-31
1028	B.1.1.225	0.988443	-0.0057585	-0.00264937	5.84539e-05	357.501	2020-06-28
1029	B.1.329	0.988129	-0.00460974	-0.00443296	0.0221501	124902	2020-05-25
1030	B.1.310	0.988005	-0.00626723	-0.0030254	5.89059e-05	5896.07	2020-04-01
1031	B.1.1.177	0.987771	-0.00542163	-0.0043457	7.36295e-07	17.1216	2020-06-12
1032	B.1.321	0.987638	-0.00564958	-0.00438613	0.000716396	1.68647e+06	2020-03-20
1033	B.1.252	0.987604	-0.00549172	-0.00461306	1.47755e-07	720.056	2020-04-06
1034	B.1.1.291	0.987314	-0.0061442	-0.00454841	0.00575264	10719.5	2020-05-05
1035	B.1.1.89	0.98727	-0.00599151	-0.00479109	0.00111478	3807.39	2020-03-24
1036	B.1.1.326	0.987229	-0.00593637	-0.00492925	23.7849	4.42699e+06	2020-05-13
1037	B.1.606	0.986935	-0.0074183	-0.0040432	1.09658e-05	65.9932	2020-06-11
1038	B.1.366	0.986893	-0.00601746	-0.00552737	0.00079036	3009.62	2020-05-13
1039	B.1.521	0.986808	-0.00665287	-0.00506408	0.00015601	638.247	2020-05-01
1040	B.1.595.4	0.986549	-0.00731967	-0.00492304	3.04473e-05	147.334	2020-04-30
1041	B.1.276	0.986422	-0.00681361	-0.00568581	1.15311e-05	314.448	2020-04-03
1042	B.1.487	0.985404	-0.00812566	-0.00644054	6.1274e-05	244.678	2020-06-04
1043	B.1.452	0.985373	-0.00775239	-0.00687548	1.17983e-05	130.778	2020-05-17
1044	B.1.22	0.984924	-0.00883641	-0.00670387	0.00790277	340148	2020-03-12
1045	B.1.256	0.984751	-0.00877038	-0.00712161	2.92085e-08	303.845	2020-04-06
1046	B.1.1.261	0.984688	-0.00853014	-0.00748827	0.0236076	248605	2020-04-28
1047	B.1.507	0.984571	-0.00840966	-0.00784793	4.84225e-05	179.534	2020-03-18
1048	B.1.177.14	0.984051	-0.00929891	-0.00801503	0.00130651	31168.6	2020-08-04
1049	B.1.113	0.984007	-0.00992294	-0.00748086	0.0221872	468361	2020-06-08
1050	B.1.431	0.983762	-0.0091594	-0.00874134	1.36342e-08	146.887	2020-04-03
1051	B.1.313	0.982952	-0.0108249	-0.00872239	7.06675e-05	521.726	2020-06-11
1052	B.18	0.98288	-0.0102908	-0.00940373	3.29722e-08	37.9086	2020-03-19
1053	A.9	0.982793	-0.0101865	-0.00968474	0.049111	367029	2020-03-20
1054	B.1.426	0.982755	-0.0106767	-0.00927169	0.000139047	670.239	2020-04-14
1055	B.1.422	0.982668	-0.0114133	-0.00871268	0.00360596	34340	2020-03-01
1056	B.1.1.53	0.982536	-0.0119278	-0.00846639	0.000257272	189580	2020-06-04
1057	B.1.1.148	0.982357	-0.0112323	-0.009528	0.00176886	8233.68	2020-06-03
1058	C.7	0.98224	-0.0109209	-0.0100757	5.72261e-06	244.194	2020-05-25
1059	B.1.222	0.981829	-0.0110487	-0.0107864	0.0215314	132958	2020-03-23
1060	B.1.39	0.981813	-0.0110638	-0.0108043	0.000111178	2354.17	2020-03-15
1061	B.1.1.289	0.981812	-0.0117856	-0.0100828	2.97152e-07	2307.88	2020-03-26
1062	B.1.1.52	0.981776	-0.0117186	-0.0102247	0.000247761	349972	2020-04-21
1063	B.1.142	0.98169	-0.0120443	-0.0100733	2.60881e-05	2420.54	2020-03-28
1064	B.1.508	0.981682	-0.0119881	-0.0101468	5.69951e-05	322.179	2020-05-13
1065	B.1.326	0.98125	-0.0127089	-0.0103056	3.96391e-05	130462	2020-06-11
1066	B.1.195	0.98115	-0.0121604	-0.0110575	0.782032	3.74721e+06	2020-03-27
1067	B.1.1.132	0.981118	-0.0124104	-0.0108735	0.281994	2.74782e+06	2020-04-12
1068	B.1.1.41	0.980913	-0.0121326	-0.0115692	1.44108e-07	207.228	2020-03-31
1069	B.1.254	0.980546	-0.0134975	-0.0109519	1.51038e-08	196.677	2020-04-13
1070	B.1.1.172	0.980116	-0.0131772	-0.0121499	2.41316e-06	99.2861	2020-04-15
1071	B.1.1.43	0.979701	-0.0138073	-0.0123667	2.34546e-08	334.487	2020-04-01
1072	B.1.9.3	0.979403	-0.014296	-0.0124868	0.00064683	31938.2	2020-03-31
1073	B.1.263	0.979102	-0.0142397	-0.0131579	4.81868e-06	124.123	2020-03-23
1074	B.1.1.10	0.978724	-0.0143252	-0.013845	0.0967583	254891	2020-03-08
1075	B.1.284	0.978649	-0.0148147	-0.0135074	3.57058e-05	690.24	2020-03-25
1076	B.1.1.436	0.978602	-0.0153429	-0.0130753	0.0173898	1.57452e+06	2020-03-28
1077	A.7	0.978486	-0.0153489	-0.0133078	0.0653907	361380	2020-05-06
1078	B.1.116	0.978345	-0.0154566	-0.0134884	1.12842e-05	91.4801	2020-05-04
1079	B.1.493	0.978242	-0.0152856	-0.0138698	7.34633e-06	106.945	2020-04-07
1080	B.1.305	0.978199	-0.0168269	-0.0124157	1.68317e-05	3926.48	2020-06-14
1081	B.1.70	0.977688	-0.0157518	-0.0145358	5.38235e-07	194.381	2020-03-17
1082	B.1.610	0.977625	-0.0154463	-0.01497	0.0724557	2.42838e+06	2020-03-01
1083	B.1.223	0.977589	-0.0158106	-0.0146796	0.0370683	253721	2020-03-17
1084	B.1.445	0.977479	-0.016645	-0.0140699	3.35108e-05	255.372	2020-05-15
1085	B.1.341	0.976825	-0.0167009	-0.0153533	1.16318e-05	128.123	2020-04-27
1086	B.1.1.296	0.976752	-0.017119	-0.0150841	0.0101992	1681.71	2020-03-28
1087	B.1.442	0.976697	-0.0169431	-0.015373	6.66489e-06	46.0642	2020-04-03
1088	B.1.1.17	0.976451	-0.0178316	-0.0149877	0.00020157	414.364	2020-03-12
1089	B.1.9.5	0.976425	-0.016822	-0.0160508	0.309619	139505	2020-04-01
1090	A.15	0.97638	-0.0181148	-0.0148497	0.000272438	3425.5	2020-05-11
1091	B.1.1.288	0.975947	-0.019933	-0.0139184	0.0100491	19391.2	2020-07-27
1092	B.1.390	0.975735	-0.017499	-0.0167868	6.81084e-05	490.891	2020-04-08
1093	B.1.1.270	0.975395	-0.0186499	-0.0163349	3.15701e-09	274.679	2020-03-29
1094	B.1.357	0.975084	-0.0189532	-0.0166686	7.00239e-05	246.713	2020-06-09
1095	B.1.274	0.974997	-0.0189317	-0.0168694	5.40139e-06	250.671	2020-05-11
1096	B.1.301	0.974809	-0.0184816	-0.0177041	2.56644e-05	228.556	2020-04-25
1097	B.1.1.402	0.974663	-0.0191344	-0.0173507	0.044804	41905.4	2020-05-23
1098	B.5	0.974653	-0.0190796	-0.0174261	4.20802e-06	149.77	2020-02-15
1099	B.1.163	0.974565	-0.0197723	-0.0169133	1.16278e-05	57.8328	2020-03-25
1100	B.1.1.268	0.974207	-0.0203924	-0.0170282	0.00195721	1410.66	2020-06-11
1101	B.1.355	0.973914	-0.0213966	-0.0166265	7.92933e-05	582.345	2020-06-17
1102	B.1.428.1	0.973819	-0.0197938	-0.018425	0.0263871	479594	2020-06-01
1103	B.1.479	0.973479	-0.0202285	-0.0186876	1.99886e-05	1917.25	2020-04-04
1104	B.1.97	0.973304	-0.020884	-0.0183915	2.31079e-09	51.5484	2020-04-05
1105	B.1.206	0.973217	-0.0203417	-0.0191124	0.000308352	5315.36	2020-06-05
1106	B.13	0.972953	-0.0207016	-0.0192951	1.09718e-06	31.1092	2020-04-06
1107	B.1.1.369	0.972619	-0.0209122	-0.0197713	0.00186255	512354	2020-03-12
1108	B.1.119	0.972553	-0.0209053	-0.0199136	1.06807e-05	109.964	2020-03-17
1109	B.1.370	0.972284	-0.0213191	-0.0200532	0.000205748	4257.78	2020-04-01
1110	B.1.446	0.972015	-0.0213974	-0.0205298	0.00256971	32439.7	2020-03-11
1111	B.1.548	0.971995	-0.0214281	-0.0205393	0.222488	430770	2020-06-29
1112	B.1.503	0.971273	-0.0221207	-0.0213327	6.49576e-05	612.604	2020-04-17
1113	B.1.1.118	0.971232	-0.0226347	-0.0209039	6.9754e-07	41.3751	2020-05-31
1114	B.1.350	0.97104	-0.022461	-0.0214729	0.000178629	7412.06	2020-03-01
1115	B.1.1.480	0.970279	-0.0243194	-0.0211816	9.63387e-06	118.671	2020-04-27
1116	B.1.181	0.969972	-0.023948	-0.0221854	2.38076e-05	92.0764	2020-04-27
1117	B.1.308	0.969947	-0.0245672	-0.0216182	0.0013992	591.649	2020-04-03
1118	B.1.8	0.969461	-0.0240059	-0.0231832	0.00986353	949630	2020-03-09
1119	B.1.494	0.969245	-0.0245454	-0.0230888	1.23142e-06	48.8237	2020-04-03
1120	B.32	0.969094	-0.024728	-0.0232167	9.39111e-06	231.99	2020-03-13
1121	A.2.4	0.96895	-0.0246841	-0.0235584	0.00252029	68674.9	2020-03-11
1122	B.1.501	0.968845	-0.0257865	-0.0226733	4.49289e-06	67.2145	2020-06-13
1123	B.1.147	0.968605	-0.0250811	-0.0238747	0.000853819	727105	2020-03-12
1124	B.1.1.26	0.968292	-0.0257327	-0.0238687	3.12308e-05	115.456	2020-04-20
1125	B.1.302	0.968019	-0.0253614	-0.0248047	0.00016724	4110	2020-03-17
1126	B.4.1	0.967974	-0.0272456	-0.0230119	0.0457116	48869.7	2020-04-26
1127	B.1.205	0.966739	-0.0276457	-0.0251666	2.04608e-05	28753.9	2020-03-08
1128	B.1.137	0.966346	-0.027579	-0.0260466	6.82473e-06	114.212	2020-04-13
1129	B.1.513	0.966178	-0.0275847	-0.0263882	0.00019814	5333.73	2020-03-15
1130	B.1.435	0.965739	-0.0282525	-0.0266289	2.19571e-05	328.09	2020-04-21
1131	B.1.546	0.965546	-0.0287593	-0.026523	1.84106e-06	71.3068	2020-06-13
1132	B.6.3	0.96547	-0.0290091	-0.0264289	0.0062702	9434.13	2020-03-15
1133	B.1.360	0.96541	-0.0284293	-0.0271349	2.74011e-06	182.887	2020-03-22
1134	B.1.510	0.965372	-0.0286874	-0.0269535	0.00108965	33421.6	2020-03-01
1135	B.1.1.515	0.965218	-0.0288969	-0.0270631	0.00164592	23498.3	2020-03-19
1136	B.1.117	0.964779	-0.0297589	-0.0271118	5.37213e-07	103.025	2020-04-07
1137	B.1.325	0.964364	-0.030381	-0.0273511	8.72688e-07	55.6867	2020-06-12
1138	B.1.1.3	0.964296	-0.0304698	-0.027402	2.3683e-09	117.762	2020-04-06
1139	B.1.359	0.964285	-0.0302856	-0.0276094	1.10612e-05	225.309	2020-03-21
1140	B.1.1.8	0.96427	-0.0294015	-0.0285237	0.207526	156984	2020-03-22
1141	B.1.516	0.964131	-0.0294268	-0.0287878	9.78625e-05	1452.1	2020-05-13
1142	B.1.515	0.964102	-0.0305678	-0.0277068	0.489895	144508	2020-04-23
1143	B.1.428	0.963976	-0.0296162	-0.0289202	0.0209266	83776.8	2020-03-09
1144	B.1.384	0.963609	-0.0298139	-0.0294836	0.00199315	10851.5	2020-04-01
1145	B.1.1.137	0.963549	-0.0305084	-0.0289141	0.00172032	2769.23	2020-03-25
1146	B.1.555	0.963398	-0.0306384	-0.0290981	0.0035454	137028	2020-03-20
1147	B.1.413	0.963103	-0.0305022	-0.0298456	3.64113e-05	605.222	2020-03-12
1148	B.1.589	0.96301	-0.0308952	-0.029646	7.72268e-07	56.5599	2020-05-27
1149	B.6.6	0.962906	-0.0311072	-0.0296497	0.437983	3.11036e+06	2020-03-18
1150	B.1.270	0.96283	-0.0311719	-0.0297431	1.39127e-05	1828.41	2020-03-23
1151	B.1.314	0.962513	-0.03171	-0.0298634	0.000269777	7084.58	2020-03-14
1152	B.1.465	0.96239	-0.0314458	-0.0303837	0.000333799	21254.3	2020-03-14
1153	B.1.559	0.962103	-0.0321379	-0.0302884	6.16042e-09	214.715	2020-04-03
1154	B.1.1.210	0.962095	-0.0323676	-0.0300753	2.27862e-05	471.687	2020-04-20
1155	B.1.124	0.962014	-0.0317774	-0.0308338	1.6707e-05	559.441	2020-04-23
1156	B.1.211	0.961981	-0.0321442	-0.0305344	0.000228977	15085.5	2020-03-14
1157	B.1.1.267	0.961707	-0.0324943	-0.0307559	4.1327e-07	2936.79	2020-03-31
1158	B.1.315	0.960577	-0.0337714	-0.0318296	6.56598e-06	133.621	2020-04-16
1159	B.1.96	0.960311	-0.0340504	-0.0321047	1.00653e-05	1977.31	2020-04-16
1160	B.1.372	0.960193	-0.0347923	-0.0316071	0.000325365	10772.6	2020-07-27
1161	B.51	0.959906	-0.0341609	-0.0328367	4.98349e-07	47.3044	2020-03-19
1162	B.1.279	0.959579	-0.0362949	-0.0313841	0.0167952	28582	2020-03-26
1163	B.1.1.98	0.959296	-0.03543	-0.0328406	0.000105765	813.781	2020-04-19
1164	B.1.9	0.958966	-0.0347773	-0.0341814	0.165573	309212	2020-03-22
1165	B.1.108	0.958116	-0.0365202	-0.0342119	9.23841e-06	437.481	2020-03-19
1166	B.4.2	0.958083	-0.036467	-0.0343321	0.00029314	11181.9	2020-03-15
1167	B.1.215	0.957647	-0.0365446	-0.0351664	1.00377e-07	510.098	2020-03-26
1168	B.1.320	0.957096	-0.0366497	-0.036212	0.000494805	8646.27	2020-03-12
1169	B.1.379	0.956348	-0.0379663	-0.0364593	6.33946e-05	487.343	2020-03-20
1170	B.1.38	0.955977	-0.0382603	-0.0369404	3.0263e-06	62.425	2020-03-23
1171	B.1.383	0.955506	-0.0388997	-0.0372876	1.26535e-06	697.297	2020-03-23
1172	B.1.112	0.95531	-0.0397092	-0.0368871	3.74384e-06	146.835	2020-04-09
1173	B.1.358	0.954381	-0.0400023	-0.0385412	5.61236e-07	147.787	2020-04-02
1174	B.1.110	0.954332	-0.0398028	-0.0388438	0.0059129	404489	2020-03-14
1175	B.1.105	0.954084	-0.0410697	-0.0380953	3.22742e-05	1643.27	2020-03-29
1176	B.1.151	0.953598	-0.0412731	-0.0389121	8.6281e-05	41698.7	2020-03-23
1177	B.6.1	0.953272	-0.0410693	-0.0397988	0.000140177	16304.7	2020-03-21
1178	B.1.44	0.953094	-0.0416541	-0.0395885	1.16636e-08	598.606	2020-04-01
1179	B.1.579	0.952686	-0.042296	-0.0398015	8.33416e-06	268.595	2020-04-27
1180	B.19	0.952598	-0.0417188	-0.0405633	1.78389e-06	409.505	2020-04-01
1181	B.1.250	0.952353	-0.0419605	-0.0408369	7.08035e-09	161.858	2020-03-23
1182	B.1.333	0.952173	-0.0424414	-0.0407331	6.43576e-06	195.046	2020-03-29
1183	B.1.572	0.952087	-0.0423765	-0.0409794	1.08554e-07	57.9523	2020-04-12
1184	B.1.201	0.951937	-0.0426408	-0.0410303	1.74318e-05	866.283	2020-03-22
1185	B.47	0.951352	-0.0433833	-0.041517	1.57292e-09	100.589	2020-03-12
1186	B.1.1.257	0.951338	-0.042903	-0.0420266	2.8638e-06	834.54	2020-03-03
1187	A.6	0.95132	-0.0445312	-0.0404377	0.00132989	1749.54	2020-03-01
1188	B.1.182	0.94878	-0.0459383	-0.0443773	0.000296727	495380	2020-04-05
1189	B.46	0.948745	-0.0464961	-0.043892	7.54437e-06	314.962	2020-04-12
1190	B.1.495	0.948728	-0.0465046	-0.0439197	1.14248e-05	120.823	2020-05-06
1191	B.1.557	0.948089	-0.0460807	-0.0456911	5.934e-05	13640.2	2020-03-12
1192	B.1.371	0.947654	-0.0465308	-0.0461584	0.000420626	6716.96	2020-03-11
1193	B.1.134	0.946852	-0.0478896	-0.0464936	1.67718e-05	166.106	2020-04-21
1194	B.49	0.945682	-0.0491773	-0.0476796	1.46242e-06	359.964	2020-03-09
1195	B.1.518	0.945098	-0.0497784	-0.0483136	2.42517e-06	175.081	2020-03-30
1196	B.26	0.944494	-0.0499448	-0.0494246	3.23427e-09	355.067	2020-03-23
1197	B.1.277	0.944305	-0.0502192	-0.0495515	0.000386867	269267	2020-03-19
1198	A.5	0.944123	-0.0502641	-0.0498925	0.00112706	277226	2020-03-05
1199	B	0.941552	-0.0529195	-0.0526899	0.189284	6.95843e+06	2019-12-30
1200	B.33	0.940997	-0.0542909	-0.0524985	1.66896e-09	136.226	2020-03-22
1201	B.1.12	0.940953	-0.054578	-0.0523044	0.000496497	971666	2020-03-14
1202	B.1.190	0.940634	-0.0545262	-0.0530337	8.77332e-06	4374.27	2020-03-18
1203	B.52	0.94026	-0.0552922	-0.0530628	1.61901e-06	5254.98	2020-03-21
1204	B.1.492	0.939584	-0.0555604	-0.0542339	1.21094e-05	3753.59	2020-04-21
1205	B.1.6	0.9391	-0.0564019	-0.0544239	0.00111166	1.43021e+06	2020-03-21
1206	B.1.586	0.939091	-0.0559334	-0.0549114	1.16619e-05	754.781	2020-03-21
1207	B.38	0.939059	-0.0556693	-0.0552434	0.00141072	678041	2020-03-17
1208	B.59	0.938289	-0.0565693	-0.0559828	3.42108e-05	39469.8	2020-03-17
1209	B.1.613	0.938074	-0.0568511	-0.0561612	3.10897e-07	325.895	2020-04-20
1210	B.1.450	0.937896	-0.0576427	-0.0557479	7.52471e-07	166.664	2020-03-18
1211	B.1.118	0.937207	-0.0589636	-0.0558974	2.15458e-06	1442.45	2020-03-24
1212	B.1.35	0.936071	-0.059082	-0.0582053	3.86755e-09	558.634	2020-03-30
1213	B.1.93	0.934825	-0.0614941	-0.058456	1.62062e-05	22136.2	2020-03-15
1214	B.1.319	0.933873	-0.0616562	-0.060331	5.80446e-06	1142.39	2020-03-11
1215	B.1.1.48	0.933799	-0.061799	-0.0603476	1.86839e-06	1553.64	2020-03-01
1216	B.1.104	0.93367	-0.061483	-0.06094	3.0622e-05	947.272	2020-03-22
1217	B.1.590	0.93341	-0.0617228	-0.0612569	5.90078e-06	1095.61	2020-03-10
1218	B.56	0.933065	-0.0625577	-0.0611613	0.000197033	16666.3	2020-03-19
1219	L.1	0.932923	-0.0763206	-0.0477032	5.09e-05	974.026	2020-03-30
1220	B.1.1.113	0.93292	-0.0627283	-0.0613026	1.81468e-06	303.237	2020-03-21
1221	B.37	0.931439	-0.0640676	-0.0631399	9.17936e-08	187.861	2020-03-15
1222	B.1.1.61	0.930833	-0.0650593	-0.0634507	9.2075e-05	194021	2020-03-18
1223	B.1.289	0.930662	-0.0653153	-0.0635622	7.29048e-06	856.641	2020-04-13
1224	B.1.552	0.929609	-0.0671639	-0.0639775	9.50109e-07	361.944	2020-04-01
1225	B.1.1.75	0.929451	-0.0663188	-0.065162	0.00748162	1.40462e+06	2020-03-20
1226	B.1.264	0.929237	-0.0669284	-0.0650122	1.8078e-06	427.582	2020-03-23
1227	B.1.166	0.928055	-0.0680956	-0.0663916	2.06096e-07	829.703	2020-03-17
1228	B.1.268	0.927639	-0.0684202	-0.0669625	3.65019e-06	543.442	2020-04-01
1229	B.1.356	0.92761	-0.0683059	-0.0671408	0.0015573	347754	2020-03-10
1230	B.27	0.926427	-0.0691744	-0.0688233	7.15997e-07	454.605	2020-03-09
1231	A.2	0.924417	-0.0717339	-0.0706074	0.00341919	1.32435e+06	2020-02-28
1232	B.4.5	0.922221	-0.074177	-0.0729223	1.1814e-09	322.141	2020-03-21
1233	A.2.3	0.921851	-0.0751364	-0.0727657	4.99065e-08	2975.57	2020-03-22
1234	B.6.5	0.921469	-0.0748546	-0.073877	1.46e-09	286.712	2020-03-20
1235	B.55	0.9209	-0.0751623	-0.0748044	0.000118813	211213	2020-03-02
1236	B.34	0.920895	-0.0751371	-0.0748395	1.74079e-09	576.34	2020-03-17
1237	B.1.37	0.920349	-0.0767157	-0.0744464	2.39965e-07	312.797	2020-03-12
1238	B.35	0.920349	-0.076408	-0.0747547	3.81058e-07	950.178	2020-03-14
1239	B.1.391	0.919807	-0.0770567	-0.0752834	6.72814e-07	5613.95	2020-03-13
1240	B.1.343	0.919288	-0.0773534	-0.0761174	0.000612234	315844	2020-03-09
1241	B.1.344	0.918631	-0.0782898	-0.0766104	1.1208e-06	391.907	2020-04-02
1242	B.45	0.918625	-0.0776443	-0.0772683	2.30839e-09	1317.53	2020-03-21
1243	B.42	0.917733	-0.0787062	-0.0781506	3.50443e-09	340.483	2020-01-29
1244	B.57	0.917337	-0.0789886	-0.0787315	2.02118e-09	526.65	2020-03-16
1245	B.1.424	0.915846	-0.0813618	-0.0796109	3.30503e-05	883.655	2020-04-06
1246	B.4.6	0.9153	-0.0815117	-0.0806545	5.34672e-08	615.384	2020-03-03
1247	A.16	0.914894	-0.0823895	-0.0806625	8.12748e-08	600.669	2020-02-26
1248	B.29	0.913772	-0.0829645	-0.0825412	2.80746e-05	21696.7	2020-03-04
1249	B.28	0.913085	-0.0838124	-0.0831975	6.70932e-06	11592.4	2020-01-27
1250	B.4.7	0.910627	-0.087838	-0.0845651	0.000316916	467429	2020-03-01
1251	B.1.157	0.908936	-0.0887431	-0.0873757	8.08236e-06	57576.5	2020-03-17
1252	B.1.332	0.908326	-0.0892558	-0.0882062	1.37644e-06	2489.95	2020-03-14
1253	B.6	0.908215	-0.0893452	-0.0883618	0.0507132	6.10349e+06	2020-03-01
1254	B.1.1.323	0.908152	-0.0901668	-0.0876797	0.000226935	385128	2020-03-03
1255	A.4	0.907836	-0.0900416	-0.0884991	1.41836e-07	532.756	2020-03-19
1256	B.15	0.904918	-0.0926401	-0.0923392	0.000132012	1802.09	2020-03-19
1257	B.10	0.89906	-0.0998825	-0.0980864	1.68904e-07	4708.86	2020-03-17
1258	B.11	0.897911	-0.100838	-0.0996897	5.42335e-06	19428	2020-03-05
1259	B.43	0.896994	-0.102557	-0.100015	1.35168e-09	1068.75	2020-02-08
1260	A.2.2	0.89641	-0.102597	-0.101276	1.01588e-05	7783.44	2020-03-20
1261	B.30	0.88843	-0.11214	-0.109617	7.08419e-08	1510.54	2020-03-16
1262	B.4.4	0.886628	-0.113974	-0.111843	4.72549e-08	1668.77	2020-03-14
1263	B.53	0.885275	-0.116134	-0.112738	0.000241099	29388.3	2020-02-21
1264	B.12	0.884628	-0.11579	-0.114544	3.89735e-08	2473.27	2020-02-18
1265	B.41	0.877921	-0.123215	-0.122339	5.85382e-07	6616.35	2020-02-19
1266	B.1.13	0.875251	-0.12654	-0.125108	1.06584e-06	23473.8	2020-03-12
1267	B.61	0.86801	-0.134627	-0.133635	2.0652e-08	6535.52	2020-03-05
1268	B.4	0.866826	-0.13592	-0.135071	0.000165926	543355	2020-01-30
1269	B.31	0.866671	-0.137098	-0.134252	7.82626e-08	9958.23	2020-03-12
1270	B.23	0.861133	-0.142645	-0.141526	8.35504e-09	7771.61	2020-03-07
1271	B.58	0.856318	-0.148129	-0.147257	2.98015e-09	10537	2020-03-11
1272	B.39	0.853553	-0.151353	-0.150501	1.13463e-07	45862.5	2020-03-06
1273	B.3.1	0.843254	-0.163905	-0.162228	2.13402e-09	23273.4	2020-03-13
1274	A.3	0.818529	-0.195198	-0.190454	1.87223e-09	114704	2020-03-13
1275	B.3	0.810076	-0.203885	-0.202527	5.84338e-07	625813	2020-02-27
1276	B.40	0.776009	-0.24714	-0.245201	2.37464e-09	2.57591e+06	2020-02-16
1277	A.1	0.77195	-0.252544	-0.250286	1.29176e-09	3.25388e+06	2020-02-26
