	Rank	Gene	Substitution	"Fold Increase
in Fitness"	"Number of
Lineages"
0	1	S	L452R	1.136	435
1	2	S	F456L	1.135	260
2	3	S	N450D	1.103	101
3	4	S	R346T	1.162	857
4	5	S	L455S	1.084	31
5	6	ORF1a	R3821K	1.083	27
6	7	S	T478R	1.107	200
7	8	S	L455F	1.155	139
8	9	ORF7b	F19L	1.075	24
9	10	S	K444T	1.077	123
10	11	S	G252V	1.070	626
11	12	S	E554K	1.072	94
12	13	S	K356T	1.069	100
13	14	S	N501Y	1.095	910
14	15	S	E484K	1.091	92
15	16	S	N460K	1.179	699
16	17	S	F490S	1.053	682
17	18	S	F486P	1.137	709
18	19	S	R403K	1.061	84
19	20	S	P521S	1.099	22
