mutation	mean/stddev	mean	emerged in lineages
N:S194L	106.175	3.21289	B.1.1.298, B.1.1.334, B.1.116, B.1.184, B.1.188, B.1.229, B.1.231, B.1.232, B.1.233, B.1.234, B.1.235, B.1.236, B.1.237, B.1.238, B.1.239, B.1.240, B.1.241, B.1.242, B.1.243, B.1.258.14, B.1.36, B.1.362, B.1.381, B.1.396, B.1.397, B.1.398, B.1.399, B.1.400, B.1.401, B.1.402, B.1.403, B.1.404, B.1.405, B.1.406, B.1.407, B.1.408, B.1.409, B.1.417, B.1.421, B.1.441, B.1.444, B.1.456, B.1.480, B.1.524, B.1.534, B.1.550, B.1.551, B.1.554, B.1.556, B.1.558, B.1.561, B.1.602, B.1.606, B.1.610, B.1.88.1, B.45
S:A222V	95.78	4.18215	B.1.117.2, B.1.177, B.1.36.31
N:A220V	89.3761	3.92385	B.1.117.2, B.1.177, B.1.423, B.1.562, B.4.8
ORF1b:P314L	68.1568	1.29013	B.1, B.59, B.6.7
N:R203K	59.4598	1.00953	B.1.1, B.1.164, B.1.173, B.1.218, B.1.531, B.1.532, B.1.533, B.1.534, B.59
N:M234I	57.2102	2.90077	A.2.5, C.23 (B.1.1.1.23), B.1.1.214, P.2 (B.1.1.28.2), B.1.1.397, B.1.1.445, B.1.1.486, B.1.160, B.1.258.17, B.1.328, B.1.36.21, B.1.438, B.1.460, B.1.478, B.1.523, B.1.526, B.1.561, B.1.585, B.1.588
S:D614G	49.1417	1.03831	A.18, A.19, A.2.5, B.1, B.4.8, B.59, B.6.7
N:P199L	46.7514	2.11704	B.1.1.335, B.1.2, B.1.221, B.1.382, B.1.476, B.1.526, B.1.563, B.1.596
N:G204R	45.9402	0.699007	B.1.1, B.1.173, B.1.377, B.1.531, B.1.532, B.1.533, B.1.534, B.59
N:T205I	45.7776	2.9442	B.1.1.261, B.1.111, B.1.131, B.1.280, B.1.342, B.1.346, B.1.351, B.1.375, B.1.399, B.1.411, B.1.427, B.1.428.1, B.1.428.2, B.1.428.3, B.1.429, B.1.433, B.1.466, B.1.474, B.1.525, B.1.526.1, B.1.530, B.1.575, B.1.591, B.1.596.1, B.1.605, B.35
N:D377Y	45.6609	4.45606	B.1.1.229, B.1.1.288, B.1.1.368, B.1.1.449, B.1.110.3, B.1.177.42, B.1.177.46, Y.1 (B.1.177.52.1), B.1.22.1, B.1.367, B.1.423, B.1.433, B.1.585
S:E484K	41.476	5.58412	P.1 (B.1.1.28.1), P.2 (B.1.1.28.2), R.1 (B.1.1.316.1), R.2 (B.1.1.316.2), B.1.1.318, N.9 (B.1.1.33.9), B.1.1.345, B.1.1.393, B.1.351, B.1.525, B.1.526
ORF3a:T223I	39.8	3.66397	AM (B.1.1.216), M.1 (B.1.1.294.1), AD (B.1.1.315), B.1.1.357, B.1.1.404, B.1.1.416, B.1.1.428, B.1.1.433, B.1.111, AB.1 (B.1.160.16.1), B.1.539
S:N439K	39.6688	2.59272	B.1.222, B.1.258, B.1.466.1, B.1.466.2, B.1.480
S:L452R	39.2423	4.7551	A.2.5, A.21, A.27, C.16 (B.1.1.1.16), L.3 (B.1.1.10.3), B.1.1.487, B.1.36.35, B.1.362, B.1.427, B.1.429, B.1.526.1, B.1.604
ORF1b:Q2403L	37.9283	4.64833	B.1.497
ORF1a:K3353R	36.7974	2.52192	B.1.1.119, B.1.1.282, B.1.1.319, B.1.1.328, B.1.1.329, B.1.1.355, B.1.1.375, B.1.1.418, B.1.177.18, B.1.351, B.1.36.21, B.1.36.22, B.1.361, B.1.404, B.1.531, B.1.561, B.1.568, B.1.573, B.1.580, B.1.581, B.1.582, B.1.612
ORF1a:V561A	32.3619	3.60827	B.1.36
ORF1a:V3718F	31.3293	3.50851	A.21, B.1.1.101, AF.1 (B.1.1.305.1), B.1.1.332, B.1.1.348, AA (B.1.177.15), B.1.361, B.1.517.1, B.1.580, B.1.615, B.1.9.4
S:S477N	29.1023	1.59976	C.1.1 (B.1.1.1.1.1), D.2 (B.1.1.25.2), AS (B.1.1.317), B.1.1.375, B.1.1.413, B.1.1.445, B.1.127, B.1.160, B.1.227, B.1.404, B.1.476, B.1.526.2
ORF3a:S171L	28.7282	3.2204	A.28, D.4 (B.1.1.25.4), D.5 (B.1.1.25.5), B.1.1.328, N.5 (B.1.1.33.5), B.1.1.516, B.1.149, B.1.351, B.1.36.39, B.1.423, B.1.563
S:P681R	28.0044	6.41427	A.23.1, B.1.466.2, B.1.551, B.1.604
N:S197L	27.9673	1.58453	A.2, B.1.499
N:P207S	27.6349	4.00723	B.1.349, B.1.577
N:S187L	27.493	2.56043	R.1 (B.1.1.316.1), B.1.265, E (B.1.416), B.1.541
ORF1a:L3352F	27.4216	1.0549	B.1.2, B.1.567, B.1.577, B.1.587, B.1.588, B.1.589, B.1.591, B.1.595, B.1.596
N:S206F	25.6635	4.07579	B.1.324, B.1.436, B.1.517
ORF1a:R1170C	25.1386	5.26983	B.1.369.1, B.1.564
N:S235F	24.0338	1.9865	B.1.1.7, B.1.139, B.1.170, B.1.565
N:S202N	23.7812	1.97235	A.11, A.12, A.15, A.18, A.19, A.21, A.22, A.23, A.25, A.26, A.27, A.28, A.4, A.7, A.9
ORF3a:G174D	23.5741	5.73233	B.1.1.348, B.1.127, B.1.543, B.1.568
ORF3a:G172V	23.5199	1.1175	B.1.1.335, B.1.2, B.1.596
S:T732A	22.9633	2.74862	B.1.1.222, B.1.1.322, B.1.1.418, B.1.1.517, B.1.1.519
ORF3a:D155Y	22.8646	3.93861	AL.1 (B.1.1.231.1), B.1.177.62, B.1.409, B.1.587, B.1.588
ORF3a:L129F	22.2315	5.48602	B.1.306
N:S183Y	22.1399	1.28403	B.1.369, B.1.448, B.1.564, B.1.571
ORF1a:L3606F	22.1051	0.701147	C.34 (B.1.1.1.34), C.8 (B.1.1.1.8), B.1.1.149, B.1.1.312, AD.2 (B.1.1.315.2), B.1.1.341, B.1.1.346, B.1.1.380, B.1.1.406, B.1.1.417, B.1.1.452, B.1.1.487, B.1.177.45, G (B.1.258.2), B.1.282, B.1.36.16, B.1.36.9, B.1.362, B.1.383, B.1.411, B.1.474, B.1.501, B.1.610
ORF1a:S3675-	21.92	2.15668	P.1 (B.1.1.28.1), B.1.1.318, B.1.1.7, B.1.214.2, B.1.351, B.1.525, B.1.526
S:P681H	21.6787	1.59776	B.1.1.207, B.1.1.318, B.1.1.336, B.1.1.338, B.1.1.351, B.1.1.519, B.1.1.7, B.1.243, B.1.258.24, B.1.469, B.1.474, B.1.530, B.1.575
S:M153T	21.2455	2.77348	B.1.1.141, B.1.1.280, B.1.1.284, B.1.1.330, B.1.1.343, B.1.1.396, B.1.1.397, B.1.1.452
S:L5F	20.7534	2.24422	B.1.1.115, B.1.1.239, AH (B.1.1.241), B.1.1.266, B.1.1.55, U.2 (B.1.177.60.2), B.1.526, B.1.612
S:H69-	20.7068	1.26313	A.28, B.1.1.298, B.1.1.7, B.1.258, B.1.375, B.1.388, B.1.525
ORF1a:Q3729R	20.0956	4.03839	B.1.1.420, B.1.549
ORF1a:T4087I	19.906	2.3442	B.1.1.152, B.1.1.178, B.1.235, B.1.279, B.1.311, B.1.460
S:N501Y	19.8859	2.00801	A.27, B.1.1.136, P.1 (B.1.1.28.1), B.1.1.7, AP.1 (B.1.1.70.1), B.1.351, B.1.486, B.1.604
ORF1a:S3884L	18.9341	0.948408	B.1.1.128, B.1.1.373, B.1.3, B.1.309, B.1.359, B.1.493, B.1.494, B.1.495, B.1.496, B.1.497, B.1.498, B.1.499, B.1.500, B.1.501, B.1.502, B.1.503, B.1.504, B.1.505, B.1.506, B.1.507, B.1.508, B.1.509, B.1.604, B.1.611, B.1.615
ORF1b:N1653D	18.8734	0.894365	B.1.2, B.1.596
ORF1a:T3255I	18.8025	2.67447	A.2.5, B.1.1.221, B.1.1.519, B.1.549, B.1.553, B.1.575, B.1.603
S:Q677H	18.766	2.06891	C.36 (B.1.1.1.36), B.1.1.271, R (B.1.1.316), B.1.1.486, AA.1 (B.1.177.15.1), B.1.350.1, B.1.525
S:Q675H	18.7646	3.44417	B.1.1.385, B.1.438, B.1.544, B.1.599
ORF1a:F3677-	18.3448	1.91971	P.1 (B.1.1.28.1), B.1.1.318, B.1.1.7, B.1.214.2, B.1.351, B.1.525, B.1.526
ORF1b:H1213Y	18.0051	1.19113	B.1.256, B.1.258, B.1.590
ORF1a:T1001I	17.7744	1.74998	B.1.1.7, AB.1 (B.1.160.16.1), B.1.36.29
S:S13I	17.643	2.78745	B.1.427, B.1.429
S:V70-	17.6158	1.26081	A.28, B.1.1.298, B.1.1.7, B.1.258, B.1.375, B.1.388, B.1.525
ORF1b:S997P	17.2629	3.95016	B.1.1.153, B.1.1.371
ORF1a:G3676-	17.0709	2.12514	P.1 (B.1.1.28.1), B.1.1.318, B.1.1.7, B.1.214.2, B.1.351, B.1.525, B.1.526
ORF1a:M3655I	16.9208	2.20448	A.15, A.23, A.24, A.25, A.26, AM.1 (B.1.1.216.1), B.1.1.311, B.1.258.24
ORF1a:T4175I	16.743	3.35007	C.16 (B.1.1.1.16), B.1.1.519
N:M1X	16.2484	1.75664	R.1 (B.1.1.316.1), B.1.1.7, B.1.214.2, B.1.526, B.1.575
ORF1a:I300F	16.1813	1.11848	D (B.1.1.25), AD (B.1.1.315)
ORF1b:A647S	16.1779	3.65665	B.1.1.37, B.1.249
S:W152C	15.7698	2.73117	B.1.427, B.1.429
N:G204L	14.9056	3.23122	B.1.1.153, AM.4 (B.1.1.216.4), B.1.1.44
ORF1a:G519S	14.6439	2.57693	B.1.1.189, M (B.1.1.294), B.1.177.73, B.1.309
ORF1b:D1183Y	14.6274	2.20969	A.28, B.1.427, B.1.429, B.1.94
ORF1a:I3618V	14.5941	3.73073	B.1.1.519
ORF1a:A1812D	14.5256	1.25702	AE (B.1.1.306), B.1.1.340, B.1.538, B.1.548
ORF1b:P2256S	14.4094	2.24219	B.1.1.302, B.1.1.58, B.1.165
ORF1a:T1168I	14.381	4.48751	B.1.466.2, B.1.567
ORF3a:K75N	14.1007	2.33384	B.1.1.308, B.1.1.309, B.1.1.310, B.1.1.311, B.1.1.345, B.1.1.415
ORF1a:D3042N	13.7709	3.18648	B.1.1.182, B.1.1.353, B.1.1.354, B.1.560
ORF1a:I2501T	13.7001	1.0151	B.1.187, B.1.258, B.1.570
S:L54F	13.6467	2.1914	AS.1 (B.1.1.317.1), B.1.1.333, B.1.1.351, B.1.113, B.1.177.49, B.1.305, B.1.36.21, B.1.36.26
ORF1a:E37D	13.6408	4.62834	AE.6 (B.1.1.306.6), B.1.1.333
ORF1b:V2089F	13.6079	1.71458	C.35 (B.1.1.1.35)
ORF1a:S944L	13.4817	2.65138	B.1.1.271, B.1.1.272, B.1.1.411, B.1.1.413, AP.1 (B.1.1.70.1), B.1.463, B.1.466.2
ORF1a:P309L	13.4083	2.30332	B.1.1.208, B.1.177.76, B.1.396
ORF1a:S2103F	13.3935	1.56444	AK (B.1.1.232), B.1.1.234, B.1.1.326, B.1.1.393, B.1.1.8, B.1.36.39, B.1.537
ORF1a:A2944V	13.3378	4.38614	B.1.471
S:L18F	13.2622	0.932647	A.27, P.1 (B.1.1.28.1), B.1.1.420, B.1.177, B.1.610
ORF1a:T1597I	13.1717	2.41013	C.21 (B.1.1.1.21), B.1.1.269, B.1.326
ORF1a:V1583F	13.1484	3.58869	B.1.160.21, B.1.298
ORF1b:R2613C	13.1221	0.674114	B.1.2, B.1.596
N:T391I	13.0685	1.40272	B.1.234, B.1.258.21, B.1.311, B.1.398
ORF1a:L3930F	12.9351	1.54481	P (B.1.1.28), B.1.1.332, B.1.363
ORF8:L84S	12.7699	0.374209	A.1
ORF1a:L2062F	12.7566	4.3622	C.1.1 (B.1.1.1.1.1), C.5 (B.1.1.1.5), B.1.1.298
ORF1a:H1113Y	12.7461	1.27076	B.1.1.162, B.1.221, B.1.452, B.1.569
M:A2V	12.5342	2.43068	S.1 (B.1.1.217.1), B.1.1.236, B.1.1.429, B.1.448, B.1.486, B.1.554
S:D138Y	12.4553	1.77796	B.1.1.224, P.1 (B.1.1.28.1), AS (B.1.1.317), B.1.1.333, B.1.1.354, B.1.1.397, B.1.1.413, B.1.473, B.1.561
ORF1a:L3644F	12.323	2.13367	B.1.1.265, B.1.1.349, B.1.1.366, B.1.1.465, B.1.1.51, B.1.466.2
ORF3a:G174C	11.9448	1.92543	B.1.1.274, B.1.1.427, B.1.1.432
ORF1b:T1511I	11.9273	3.81412	B.1.160.10, B.1.36.16
ORF1a:R3993C	11.8692	3.7847	B.1.36.1
ORF3a:V202L	11.4496	1.04251	B.1.1.347, B.1.160.12, B.1.221
ORF7a:T14I	11.3086	2.02237	AM.4 (B.1.1.216.4), B.1.1.424, AP.1 (B.1.1.70.1), B.1.160.11, B.1.160.12, B.1.160.13, B.1.160.14, B.1.160.15, AB (B.1.160.16), B.1.36.21, B.1.409, B.1.428.2
ORF1b:M2025I	11.2369	1.50833	B.1.1.296, AD (B.1.1.315), B.1.448, B.1.469
S:T716I	11.2307	1.47106	B.1.1.7, B.1.214.2, B.1.575
S:N501T	11.1463	2.45829	A.28, C.2 (B.1.1.1.2), B.1.517
ORF1a:V3653F	11.1416	3.20198	B.1.1.163, B.1.1.374, B.1.36.31
S:D253G	11.1031	1.32015	C.19 (B.1.1.1.19), B.1.313, B.1.426, B.1.526, B.1.550
ORF1a:A3209V	11.0694	3.12596	B.1.1.286, B.1.1.318, B.1.1.381, B.1.292, B.1.526.1
ORF1a:P1640H	10.988	2.53156	B.1.1.170
ORF1a:T1246I	10.7831	0.49929	C (B.1.1.1), B.1.1.375
ORF8:A65V	10.7502	1.18638	AJ (B.1.1.240), B.1.1.256, B.1.177.7, B.1.221.3, B.1.509
ORF1b:R2684I	10.7358	1.56283	B.1.1.214
ORF3a:T151I	10.6779	2.03397	C.30.1 (B.1.1.1.30.1), B.1.1.256, B.1.1.374, B.1.1.86, B.1.160.26, B.1.36.24, B.1.375
S:S98F	10.6645	1.08587	C.31 (B.1.1.1.31), B.1.221
ORF1a:D3728N	10.577	2.29791	B.1.1.412, H (B.1.1.67)
S:Q677P	10.5221	3.21521	B.1.596
N:P168S	10.4032	3.48241	N.7 (B.1.1.33.7)
ORF1b:E1184D	10.2654	0.62726	B.1.1.445, B.1.160
N:S193I	9.93202	1.27129	B.1.1.219, B.1.221.4, B.1.385, B.1.475, B.1.588.1, B.3.1
S:T478K	9.92377	2.33014	B.1.1.519, B.1.486
S:M153I	9.82529	2.2254	B.1.1.234, AJ.1 (B.1.1.240.1), B.1.599
ORF1a:S318L	9.80884	2.56916	B.1.1.46, B.18
N:G215V	9.73269	2.70606	B.1.115, B.1.146, B.1.536, B.1.604
S:Q414R	9.64059	2.67997	N.5 (B.1.1.33.5)
N:P199S	9.36941	1.1486	AQ (B.1.1.39), B.1.110.1, AA.8 (B.1.177.15.8), B.1.567, B.4.7
ORF1a:T814I	9.3159	2.01371	B.1.1.123, B.1.1.464.1, E.1 (B.1.416.1)
ORF1b:A176S	9.19698	0.652064	B.1.1.445, B.1.160, B.1.177.31
ORF1a:T1543I	9.02407	4.0766	B.1.177.37, B.1.258.16, B.1.36.34
S:Y144-	9.02299	1.27413	B.1.1.318, B.1.1.7, B.1.160.24, B.1.177.80, B.1.486, B.1.525, B.1.526.1
ORF1b:P1567L	9.00351	1.0876	B.1.1.214, B.1.361
ORF3a:S166L	8.74508	1.37506	B.1.1.253, AA.7 (B.1.177.15.7), Z.1 (B.1.177.50.1), B.1.177.81
N:P13S	8.74013	2.42895	AJ (B.1.1.240), B.1.1.242, B.1.1.420, B.1.562
ORF1a:D144A	8.73855	0.946483	B.1.139, B.1.565
ORF3a:D222Y	8.67728	3.19973	B.1.1.141
ORF1a:P927L	8.57498	2.50198	AE.4 (B.1.1.306.4), B.1.284, B.44
ORF1b:V2073L	8.56867	3.16175	B.1.177.28
N:D144Y	8.56139	3.01884	B.1.1.483, B.1.463
S:V1176F	8.50377	0.674243	P (B.1.1.28), B.1.1.332
ORF1a:Q1592R	8.47098	1.90293	R (B.1.1.316), B.1.1.407, B.1.1.408, B.1.393
ORF8:G8*	8.45881	1.70446	B.1.1.193, B.4.7
ORF1a:I4205V	8.39725	1.63364	B.1.429
ORF1a:P1692S	8.38148	2.12597	B.1.1.243
ORF1a:M3934I	8.32117	2.835	B.1.1.307
ORF1b:S2563A	8.19744	2.80703	C.18 (B.1.1.1.18), C.19 (B.1.1.1.19)
ORF1a:D2980G	8.17391	1.00805	A.27, B.1.234
ORF1a:A2529V	8.16187	1.40144	N.9 (B.1.1.33.9), B.1.1.339, B.1.1.393, B.1.165, W.2 (B.1.177.53.2)
ORF1b:K2557R	8.14453	1.3508	B.1.1.111, AM.3 (B.1.1.216.3), B.1.1.384, B.1.1.458, B.1.1.459, B.1.469
ORF1b:P976L	8.14338	1.56473	B.1.258.17, B.1.258.23, B.1.258.4, B.1.258.5, B.1.427
ORF1a:L92F	8.12006	2.90823	B.1.474
N:S190R	8.11066	2.4202	B.1.298
N:P207L	8.08208	1.06588	B.1.311, B.1.489, B.1.599
S:H655Y	8.06588	2.24595	A.27, A.28, P.1 (B.1.1.28.1), B.1.160.33, B.1.160.7
S:Q675R	8.05339	0.933466	AS (B.1.1.317), B.1.1.461, B.1.3
ORF1b:P2633L	8.02321	3.8917	B.1.524
S:A626S	7.95643	1.24039	K (B.1.1.277), B.1.499.1
ORF3a:V77F	7.93961	1.85957	U (B.1.177.60), B.1.177.79, B.1.36.25
ORF1a:M3752I	7.92504	1.50501	A.23.1, B.1.425, B.1.9.4
ORF1a:G989V	7.9086	1.93226	B.1.517
ORF1a:E37K	7.85479	3.22004	AA.2 (B.1.177.15.2), AA.3 (B.1.177.15.3), AA.4 (B.1.177.15.4), AA.5 (B.1.177.15.5), AA.6 (B.1.177.15.6), AA.7 (B.1.177.15.7)
N:M210I	7.81366	2.36213	D.4 (B.1.1.25.4), B.1.1.362, B.1.1.516, B.1.203, B.1.408
N:S186Y	7.64107	1.00421	B.1.367, B.1.597
ORF1b:T2165A	7.59794	3.23707	B.1.466.1
ORF1a:V3976F	7.58956	1.05134	B.1.1.100, B.1.1.141, AK (B.1.1.232), B.1.36.10
ORF8:E92K	7.47132	1.20433	A.15, A.23, A.24, A.25, A.26, P.1 (B.1.1.28.1)
ORF1a:A3143V	7.34777	0.984316	C.16 (B.1.1.1.16), B.1.1.153, B.1.1.340, B.1.1.521, B.1.160.12, B.1.177.46, B.1.548, B.1.570, B.1.588.1
ORF1a:M3661L	7.3327	1.73895	B.1.443
S:S943P	7.33118	2.60872	B.1.608, B.6.7
ORF1a:T3750I	7.18574	1.96467	B.1.1.328, AC (B.1.1.405), B.1.36.12, B.1.466, B.1.575
ORF1b:D1848Y	7.15404	2.03822	AK.2 (B.1.1.232.2), B.1.1.446, B.1.527
N:A376T	7.02625	0.558267	B.1.1.445, B.1.160, B.1.177.31
S:N440K	7.02273	2.63206	B.1.1.420
ORF1a:S2406L	6.99421	1.92215	B.1.291
ORF1a:H2092Y	6.87506	2.77086	B.1.127, B.1.263, B.1.534
ORF1a:S674N	6.85765	1.67834	B.1.340
ORF7a:T39I	6.75791	2.03143	B.1.1.219, B.1.1.324, B.1.177.31, B.1.553
ORF1b:S1391L	6.7294	0.813572	B.1.206, B.1.363, B.1.546, B.1.576
ORF1a:T224I	6.72587	0.996227	B.1.1.304, B.1.1.434
ORF8:S24L	6.69833	0.253555	B.1.1.335, AB (B.1.160.16), B.1.2, B.1.265, B.1.284, B.1.301, B.1.336, B.1.370, B.1.423, B.1.424, B.1.425, B.1.426, B.1.435, B.1.450, B.1.521, B.1.553, B.1.567, B.1.577, B.1.587, B.1.588, B.1.589, B.1.590, B.1.591, B.1.592, B.1.593, B.1.594, B.1.595, B.1.596, B.4.5
N:T148S	6.66745	1.46815	B.1.340
ORF1a:G993S	6.62183	0.736487	B.1.1.74, B.1.509
ORF1b:P2321L	6.58027	1.16493	B.1.565
M:I82T	6.46939	2.04558	B.1.1.318, B.1.525, B.1.575
ORF1a:T2791I	6.43728	1.97054	B.1.524
ORF1a:S2015R	6.38805	0.640896	B.6.4, B.6.6
ORF1a:T436I	6.35339	1.94544	B.1.1.416
ORF1a:T3287A	6.35136	1.85612	B.1.524
S:E1202Q	6.3295	2.08116	R.2 (B.1.1.316.2), B.1.1.429, B.1.534
ORF1a:T727I	6.3222	1.27979	B.1.1.236, B.1.1.337, B.1.1.429, B.1.421
ORF3a:A98V	6.27925	3.50559	B.1.1.121
ORF3a:H78Y	6.26345	1.55909	C.2 (B.1.1.1.2), B.1.1.107, B.1.1.345, B.1.1.486
ORF1b:M1573I	6.24425	1.39414	B.1.1.97, B.1.258.14, B.1.357
N:E378Q	6.22878	2.65345	B.1.36.24
ORF1a:N2603D	6.17949	1.12592	B.1.1.133, B.1.1.204, B.1.1.418, B.1.534
ORF9b:A57V	6.11234	1.58592	C.2 (B.1.1.1.2), B.1.490, B.1.532
ORF1a:M3862I	6.09801	0.846871	B.1.1.269, B.1.367
E:E8D	6.07723	2.57139	B.1.1.349
ORF1a:T4090I	6.06514	0.843881	C.17 (B.1.1.1.17), C.36 (B.1.1.1.36), B.1.1.242, B.1.1.414, B.1.313
ORF1a:R24C	6.046	0.732114	B.1.285, B.1.36.33, B.1.574, B.1.576
ORF8:Q27*	5.95635	0.756481	C.28 (B.1.1.1.28), B.1.1.7, B.1.531
ORF1a:N3937S	5.92329	1.57746	B.1.177.37, B.1.469
ORF1a:A872V	5.87933	2.52941	AQ.1 (B.1.1.39.1), B.1.569
ORF3a:A54V	5.86704	2.86893	B.1.466.1
N:P383L	5.84902	1.26465	A.2.5, B.1.1.449, B.1.334, B.1.543, B.1.603
ORF1a:K3573E	5.81039	2.50103	B.47
S:I233V	5.80574	3.44629	B.1.1.377
